id,profile_obj_id,container_id,container_fullname,slim_scan_date,user,ds,sha_id,os,distro_name,distro_version,filesize,exposed_ports_count,description,vcs_link,special_perms_count,shell_count,instruction_count,package_count,unique_libraries_count,unique_license_count,vulns_count,vulns_negligible,vulns_low,vulns_medium,vulns_high,vulns_unknown,vulns_critical,scantime,score,duplicate_file_count,duplicate_file_total_count,duplicate_file_size,duplicate_file_total_size,duplicate_file_wasted_size,deleted_count,deleted_dir_content_count,deleted_dir_count,deleted_file_count,deleted_link_count,deleted_file_size,setuid_count,sticky_count,layer_count,pull_count,star_count,vulns_doc_size,sbom_doc_size,xray_doc_size,selection_1,selection_2
304,634f4af35c5d15ec2c71375c,1,library/node:latest,10/19/22,,10/19/22,sha256:27de62999701514a64def9323d0845f3215dafffb1beb6cee995395922ad6db9,linux,Debian GNU/Linux,11,993901765,0,Node.js is a JavaScript-based platform for server-side and networking applications.,NULL,17,4,14,624,3,236,1170,503,58,247,326,22,14,231.1238216,49.93901765,1449,5328,21267487,101029805,79762318,0,529,0,529,0,0,9,8,9,3877426168,12020,4112902,8577852,628663,FALSE,FALSE
446,634f4bfee109077447ac8d0c,2,library/r-base:latest,10/19/22,,10/19/22,sha256:05eb7a258125d7864dea5cd048e017107696ddb4e46e583502087c0107532b08,linux,Debian GNU/Linux,NULL,782041657,0,R is a system for statistical computation and graphics.,NULL,15,4,12,271,1,179,0,0,0,0,0,0,0,216.8037996,47.82041657,1135,2603,9146923,23738096,14591173,0,262,0,262,0,0,8,5,6,8014365,497,11982,6746220,341616,FALSE,FALSE
3172,634f4a78fe574b55f86e7154,3,library/nginx:latest,10/19/22,,10/19/22,sha256:51086ed63d8cba3a6a3d94ecd103e9638b4cb8533bb896caf2cda04fb79b862f,linux,Debian GNU/Linux,11,141677874,1,Official build of Nginx.,NULL,15,4,15,143,2,134,126,86,6,16,13,4,1,122.0017613,41.41677874,454,1037,1566277,3395227,1828950,0,75,0,75,0,0,8,4,6,7049012532,17538,389164,2053435,165282,FALSE,FALSE
3406,634f49468e1a193b3f86e190,4,strimzi/kafka:latest,10/19/22,1001,10/19/22,sha256:7e1c8c132bb2b6a60e591c627bdc8f59ac46d377851ef2d570f2c3bdb971f71c,linux,CentOS Linux,7,419859764,3,,NULL,21,0,19,281,3,58,1413,0,578,597,186,11,41,111.130356,34.19859764,440,1316,798811,1765830,967019,0,0,0,0,0,0,12,9,7,23954620,9,5960523,4525888,190178,FALSE,FALSE
3525,634f47312eaf1ee90c602ec9,5,yandex/clickhouse-server:latest,10/19/22,,10/19/22,sha256:c739327b5607ac47030e5de03542072f21912a4226f18de912a6e6126af28014,linux,Ubuntu,20.04,826405603,3,ClickHouse is an open-source column-oriented database management system.,NULL,16,0,24,136,2,86,151,19,61,67,4,0,0,155.7382336,48.26405603,423,978,645877,1682384,1036507,1,72,0,73,0,0,8,4,8,51220107,372,455726,2132113,169484,FALSE,FALSE
3649,634f473269b9e79def98c12f,6,library/clojure:latest,10/19/22,,10/19/22,sha256:8866cd9ad00214668ff6f16f79eb7b8facfffd6a7331f32dd24031157b49af9d,linux,Ubuntu,22.04,659086309,0,Clojure is a dialect of Lisp that runs on the JVM.,NULL,18,0,31,532,2,152,236,17,42,60,22,0,95,152.1082405,46.59086309,967,2107,7710045,16008858,8298813,8,134,0,142,0,637868,9,11,11,31983714,332,1613025,4387973,347332,FALSE,FALSE
3803,634f46ae11ff4f29fca307b1,7,library/caddy:latest,10/19/22,,10/19/22,sha256:006d393a4e6a01f82413e41b3e0f06dfb1872d5ca6a37aba315e4ec9e2cc6c4c,linux,Alpine Linux,3.16.2,46783182,4,"Caddy 2 is a powerful, enterprise-ready, open source web server with automatic HTTPS written in Go.",NULL,2,2,23,131,2,12,2,0,0,1,1,0,0,49.18889437,40.46783182,7,14,14274,28548,14274,0,8,0,8,0,0,0,3,5,416979698,480,23496,218437,71835,FALSE,FALSE
3915,634f476809313b8cefe12287,8,ansible/ansible:ubuntu1404,10/19/22,,10/19/22,sha256:925ab82270f05f12b3296ff4069032569862989c38ba56817bfbf4c5415410f2,linux,Ubuntu,14.04,662274650,0,Images for automated testing of Ansible. They do not include Ansible and are not for end users.,NULL,26,4,21,429,3,123,1209,113,436,596,48,0,16,239.6136518,46.6227465,330,1177,6973633,14773217,7799584,60,0,0,23,37,48730797,13,7,17,2450244,315,4370539,8714059,226764,FALSE,FALSE
4034,634f470db4965bf59f9169bc,9,library/arangodb:latest,10/19/22,,10/19/22,sha256:f3d2f9a9d5c96eecd66cb16c817989e3fabe592fabcd60165237466af2d6e788,linux,Alpine Linux,3.16.2,475568201,1,"ArangoDB - a distributed database with a flexible data model for documents, graphs, and key-values.",NULL,2,2,13,562,3,25,6,0,0,4,0,0,2,150.2110305,44.75568201,6204,16414,27873787,63561156,35687369,0,21,0,21,0,0,0,3,5,31813991,261,24282,823593,2783553,FALSE,FALSE
4158,634f472a5772ac213edab8ca,10,library/archlinux:latest,10/19/22,,10/19/22,sha256:b3ba039072fc36cc356b8c264c53742a2d2ad32cb99a9d22f4a0816e1a177c59,linux,Arch Linux,TEMPLATE_VERSION_ID,411713441,0,"Arch Linux is a simple, lightweight Linux distribution aimed for flexibility.",NULL,22,0,4,113,1,33,20,0,2,9,5,0,4,177.500714,44.11713441,408,842,1119905,2349611,1229706,0,1,0,1,0,0,16,3,2,20095008,421,81068,9795453,147783,FALSE,FALSE
4287,634f4705aaf6506e62bce201,11,argoproj/argocd:latest,10/19/22,999,10/19/22,sha256:b36bd097cd7f978a0ed7c3653625e2fd83c0dff51a6277ef527826ecfde22e08,linux,Ubuntu,21.1,609604849,0,Declarative continuous deployment for Kubernetes.,NULL,18,0,31,522,2,128,148,11,31,88,17,0,1,145.9097784,46.09604849,1012,2400,7640526,15945414,8304888,0,0,0,0,0,0,9,3,23,116070846,21,477450,3175338,381312,FALSE,FALSE
4421,634f46ad757f046304101182,12,library/busybox:latest,10/19/22,,10/19/22,sha256:ff4a8eb070e12018233797e865841d877a7835c4c6d5cfc52e5481995da6b2f7,linux,NULL,NULL,1239772,0,Busybox base image.,NULL,1,0,2,0,0,0,0,0,0,0,0,0,0,54.70373198,40.01239772,0,0,0,0,0,0,0,0,0,0,0,0,1,1,7071987326,2781,4668,4941,8414,FALSE,FALSE
4539,634f46f4ab9b775fe4fc154d,13,library/cassandra:latest,10/19/22,,10/19/22,sha256:d636411fefa1f712845d50fff5799f9ee43b0e2a8b6b105a2a0ffa57a8b3fbfe,linux,Ubuntu,20.04,352967576,5,Apache Cassandra is an open-source distributed storage system.,NULL,16,0,25,222,3,125,67,14,20,28,5,0,0,118.7170265,43.52967576,414,964,1791250,3980028,2188778,1,107,0,108,0,32768,8,9,9,174428561,1418,217696,2638043,202180,FALSE,FALSE
4660,634f4696893c36628f9b1299,14,cayleygraph/cayley:latest,10/19/22,,10/19/22,sha256:2d87b48b115a817c32d20183083f501cd991bd03426615ae6e9a9c35a0abf58b,linux,NULL,NULL,50136561,1,An open-source graph database,NULL,NULL,0,4,71,1,0,6,0,0,3,3,0,0,24.09739855,40.50136561,0,0,0,0,0,0,0,0,0,0,0,0,0,1,150353,6,22278,54313,8443,FALSE,FALSE
4778,634f46beb178d1b8ba4bfc7d,15,library/centos:latest,10/19/22,,10/19/22,sha256:5d0da3dc976460b72c77d94c8a1ad043720b0416bfc16c52c45d4847e53fadb6,linux,CentOS Linux,8,231268856,0,DEPRECATED; The official build of CentOS.,NULL,18,0,3,183,2,51,396,0,136,229,27,4,0,74.80495565,42.31268856,1241,3197,6798772,17069758,10270986,0,0,0,0,0,0,9,7,1,1084126692,7360,1344821,4896467,355902,FALSE,FALSE
4892,634f46c6ba2e874399ca3468,16,chef/chef:latest,10/19/22,,10/19/22,sha256:b9dece1e88959c3aada2ae2e59b1ab3a10f45ccfdf67206c1bd6d7dc6dec3f91,linux,NULL,NULL,94398851,0,"A systems integration framework, built to bring the benefits of config mgmt to your infrastructure.",NULL,1,0,9,204,2,16,50,0,4,20,22,0,4,78.52524005,40.94398851,208,562,2957446,6619218,3661772,0,1,0,1,0,0,0,2,2,3420067,69,139984,333852,96942,FALSE,FALSE
5006,634f46c88ab95f741c8587f2,17,library/chronograf:latest,10/19/22,,10/19/22,sha256:6d636e1959fa435a29e5434caa564b755f309185a46e6c82b0d11303a8a3efbe,linux,Debian GNU/Linux,11,229924357,1,Chronograf is a visualization tool for time series data in InfluxDB.,NULL,15,4,12,234,2,98,98,68,5,6,13,1,5,73.61741707,42.29924357,447,1001,1535753,3502610,1966857,0,54,0,54,0,0,8,5,6,151221700,322,317915,2036403,161472,FALSE,FALSE
5202,634f46e9be01bdd778856552,18,citusdata/citus:latest,10/19/22,,10/19/22,sha256:d6c85db8fd123765ab4cd88b7e049b4e504dbc277bcda72fe616fdaacf69a072,linux,Debian GNU/Linux,11,390972107,1,PostgreSQL-based distributed RDBMS,https://github.com/citusdata/citus,16,4,35,161,2,130,113,85,5,7,14,1,1,113.9900791,53.90972107,1008,2150,5900782,12516830,6616048,1,129,0,130,0,0,8,10,19,3338559,45,379529,4170505,373565,FALSE,FALSE
5354,634f4757ea11a6db99f9aa20,19,cockroachdb/cockroach:latest,10/19/22,,10/19/22,sha256:5a1ef0f5e5b10e5d9543c5c85eb906bcaad10527c2e2332550937cdc787a5fcd,linux,Red Hat Enterprise Linux,8.6,464669440,2,"CockroachDB is an open source, survivable, strongly consistent, scale-out SQL database.",NULL,2,0,13,107,1,34,57,0,31,23,0,3,0,193.8318641,44.6466944,442,949,865599,2710002,1844403,1,3,0,4,0,0,0,4,7,341941533,134,189476,1623040,139363,FALSE,FALSE
5484,634f47046f4f06c2f5e4b82c,20,library/composer:latest,10/19/22,,10/19/22,sha256:93cce806035468fc5d1e96ca0e0ebcd583878650f301668c2221ba40b476533c,linux,Alpine Linux,3.16.2,200670115,0,Composer is a dependency manager written in and for PHP.,NULL,3,3,31,72,2,28,0,0,0,0,0,0,0,106.580088,42.00670115,500,1095,3986683,8579519,4592836,0,30,0,30,0,0,0,6,14,89785573,930,25158,2110143,266617,FALSE,FALSE
5655,634f47ca42f6560576c51635,21,concourse/concourse:latest,10/19/22,,10/19/22,sha256:96d6ba6ee85af3acc2680c5c495a8aa3587f3b33120c59b0f41a4c3b3aa93071,linux,Ubuntu,18.04,1812414838,0,Docker image for [Concourse CI](https://concourse-ci.org),NULL,16,4,11,763,2,85,59,30,5,15,9,0,0,280.6660792,50,42,169,197486,631273,433787,0,0,0,0,0,0,8,3,5,82190169,72,198458,1799920,74002,FALSE,FALSE
5772,634f487054de84cca72ada5c,22,library/couchbase:latest,10/19/22,,10/19/22,sha256:aae8641b539e3084c55b42dc4831390bb96f849cb29b74b1762727f838e1391b,linux,Ubuntu,20.04,1303848969,15,Couchbase Server is a NoSQL document database with a distributed architecture.,NULL,18,0,23,1610,5,91,166,15,12,55,63,0,21,337.1779259,50,571,1592,13181522,37243497,24061975,0,56,0,56,0,0,8,6,10,82654564,889,868294,9374736,252220,FALSE,FALSE
5899,634f4741b1e79d64bdefa605,23,library/couchdb:latest,10/19/22,,10/19/22,sha256:994fdcd357aad6beca4304e782ea3a7229ecba3e960b971af51f441d5239efa6,linux,Debian GNU/Linux,11,202478566,3,"CouchDB is a database that uses JSON for documents, an HTTP API, & JavaScript/declarative indexing.",NULL,15,4,19,138,1,124,93,70,5,4,12,1,1,76.29194459,42.02478566,457,1031,1848444,4129354,2280910,0,66,0,66,0,0,8,7,11,173331902,489,304857,2713978,193365,FALSE,FALSE
6067,634f4798e9ff0b8e207181e1,24,confluentinc/cp-kafka:latest,10/19/22,appuser,10/19/22,sha256:d893473a6510aca0c04ba50cc1cf72261b7a76a49b87373a848eeaf0402e1fd2,linux,Red Hat Enterprise Linux,8.6,781835997,1,Official Confluent Docker Image for Kafka (Community Version),NULL,14,0,75,393,3,60,188,0,56,98,31,3,0,187.0895047,47.81835997,324,1111,24291269,50401336,26110067,33,226,0,259,0,8818047,10,7,11,166336028,357,676090,5643543,238688,FALSE,FALSE
6193,634f4731dc2edcc0cd58f525,25,daprio/dapr:latest,10/19/22,65532,10/19/22,sha256:632002cbcd67aee877f134b123d8b4f258c7af4cd92903e95e3c973f779380cc,linux,Debian GNU/Linux,11,241001858,0,,NULL,3,0,4,543,2,2,19,0,0,5,14,0,0,85.06170138,32.41001858,387,774,459208,918416,459208,0,0,0,0,0,0,0,3,2,24540023,13,70845,385278,95264,FALSE,FALSE
6328,634f4778f6d7e51442be36f9,26,library/dart:latest,10/19/22,,10/19/22,sha256:99f1b32bfeec5844318dd0ab145c736853e6a41467cc3dc82d0ea5d4192220ef,linux,Debian GNU/Linux,11,731988182,0,Dart is a client-optimized language for fast apps on any platform.,NULL,17,4,8,137,1,128,118,85,5,5,22,0,1,127.8222122,47.31988182,1136,2373,10036951,20579532,10542581,0,66,0,66,0,0,9,4,4,809210,82,397697,2747067,329806,FALSE,FALSE
6433,634f493609c3d36a52e8cf70,27,ibmcom/db2:latest,10/19/22,,10/19/22,sha256:f84d3802931e8d708a71214af962cdaf644aa66eb46a6e47dec828a100a6edde,linux,Red Hat Enterprise Linux,8.5,2790527978,5,Db2 - The AI Database,NULL,17,0,26,652,3,77,731,0,214,387,105,10,15,573.7603466,50,2193,5706,55986198,121450479,65464281,382,271,0,653,0,6442,12,13,13,5320668,136,2598272,12287646,757702,FALSE,FALSE
6571,634f4756d1929d51fe2f399e,28,library/debian:latest,10/19/22,,10/19/22,sha256:d91720f514f733190e529148212d53a33021d62900b9901138cfb3fc404dd33c,linux,Debian GNU/Linux,11,124126678,0,Debian is a Linux distribution that's composed entirely of free and open-source software.,NULL,15,4,2,96,1,88,73,55,5,2,10,0,1,87.99532136,41.24126678,464,1020,2935604,7119601,4183997,0,0,0,0,0,0,8,3,1,959681884,4462,229349,2235311,114029,FALSE,FALSE
6686,634f482310b2f8b20dfd2140,29,deepstreamio/deepstream.io:latest,10/19/22,,10/19/22,sha256:38b02a0e2fa7706f7ba78634cb385735f13e1e4cd22f75363c5ebb5e67388fc9,linux,Debian GNU/Linux,9,1111735832,3,Official deepstream.io Docker image,NULL,18,4,21,1080,3,218,3601,2080,236,514,534,95,142,255.2451144,50,1703,5081,22447045,60248344,37801299,0,582,0,582,0,0,10,9,12,1554498,7,13336489,10436742,653541,FALSE,FALSE
6847,634f4817003cb6967a177215,30,denoland/deno:latest,10/19/22,,10/19/22,sha256:0028240ae3fff5d1ecb5a496e51f4978469c35d96edb8188c58c92712ab7e119,linux,Debian GNU/Linux,11,244895356,0,"Latest dockerfiles and images for Deno - alpine, centos, debian, ubuntu",NULL,15,4,13,96,1,88,73,55,5,2,10,0,1,202.1646066,42.44895356,437,945,1486126,3229507,1743381,0,0,0,0,0,0,8,3,6,317086,60,234357,1707295,124752,FALSE,FALSE
6984,634f47b4f012d54de9ba6b34,31,dexidp/dex:latest,10/19/22,1001:1001,10/19/22,sha256:cb5d0fed54df57acd6503e5d3e11f181d050f8d1314fd87574cb9909db35f6d9,linux,Alpine Linux,3.16.2,90265438,0,OpenID Connect Identity (OIDC) and OAuth 2.0 Provider with Pluggable Connectors,NULL,2,2,14,212,2,10,4,0,0,2,2,0,0,138.3080513,40.90265438,9,18,25662,51324,25662,0,0,0,0,0,0,0,2,10,2693733,6,29474,213313,41591,FALSE,FALSE
7100,634f4843fef94c71b5b0dffa,32,dgraph/dgraph:latest,10/19/22,,10/19/22,sha256:e522ce9e32cb2877485f6ab2d7d125fae50907d13c8ceddce5705d52494b0523,linux,Ubuntu,20.04,294121029,2,"Docker image for Dgraph (https://github.com/dgraph-io/dgraph), graph database.",NULL,16,0,11,748,3,111,223,17,70,110,22,0,4,178.5924662,42.94121029,177,1004,686524,3942186,3255662,0,125,0,125,0,0,8,4,4,19973500,77,668255,4061840,147332,FALSE,FALSE
7319,634f477d460c7fb1cabb9fba,33,alang/django:latest,10/19/22,1001,10/19/22,sha256:b4deb82f762a10001fe52aed76f6e017c8543d69d52fe737b30579b73e9f3646,linux,Alpine Linux,3.16.2,98219559,0,This image can be used as a starting point to run Django applications.,NULL,2,3,40,50,2,20,0,0,0,0,0,0,0,110.9649606,40.98219559,80,413,679567,1475569,796002,0,19,0,19,0,0,0,4,14,588553,36,23378,1471802,163746,FALSE,FALSE
7448,634f47560ba382d81355d04d,34,drone/drone:latest,10/19/22,,10/19/22,sha256:a97e8a9db13c2eb157016be57025af4150aa37d5f7a7a946db9ab8af5632657d,linux,Alpine Linux,3.11.13,60414317,2,Drone is a Continuous Integration platform built on Docker,https://github.com/harness/drone.git,2,2,23,93,2,10,28,0,3,11,9,0,5,27.64445441,50.60414317,5,10,12674,25348,12674,0,2,0,2,0,0,0,2,5,182624382,356,102050,119165,35131,FALSE,FALSE
7564,634f480800412122a17324d3,35,apache/druid:0.22.1,10/19/22,druid,10/19/22,sha256:15e2791da1e33251605bde4f67eb8b712928a8b336e0aa77a5b947d4e0d72899,linux,Debian GNU/Linux,9,686849218,0,Apache Druid,NULL,3,0,16,948,2,32,1184,24,53,335,470,3,299,151.6241694,46.86849218,212,662,116557644,358386521,241828877,0,0,0,0,0,0,0,3,12,3824650,48,5820038,4828813,133266,FALSE,FALSE
7637,634f4aa4bf7d917d84807ce9,36,datastax/dse-server:6.8.23-ubi7,10/19/22,dse:root,10/19/22,sha256:e9c29a705c51e1d5ed0b07bf268c0b53a9e4578a7748a9da85c5c97ca4b70801,linux,Red Hat Enterprise Linux Server,7.9,3282442955,20,"The best distribution of Apache Cassandraâ„¢ with integrated Search, Analytics, and Graph capabilities",NULL,20,0,37,2257,3,56,3876,0,769,933,1620,10,544,872.1388542,50,834,2119,392211899,997802278,605590379,6,393,0,399,0,86024,11,10,16,7120996,44,15267351,13548749,301343,FALSE,FALSE
7760,634f47bad90fec812d57904e,37,aaronshaf/dynamodb-admin:latest,10/19/22,,10/19/22,sha256:d566f0cb6cb695359f66850eeaf6b9aec141e6d529f72343279730516424146e,linux,Alpine Linux,3.15.4,204810424,1,GUI for DynamoDB Local or dynalite.,NULL,2,2,21,424,2,25,17,0,1,2,10,0,4,89.46318782,42.04810424,781,3479,2377728,7842753,5465025,637,9,0,646,0,2583948,0,4,14,1321750,14,56678,534998,451008,FALSE,FALSE
7894,634f480b4dbd880b3bf23a8d,38,amazon/dynamodb-local:latest,10/19/22,dynamodblocal,10/19/22,sha256:7d58d8582d10bef99dbbb0d270f830c40596c627c19e528136e218a3935c7c8a,linux,Amazon Linux,2,502195019,1,DynamoDB local,NULL,18,0,12,349,3,62,45,0,4,18,19,0,4,148.0484939,45.02195019,506,1950,1619765,4414307,2794542,5,0,0,5,0,71,9,8,4,205685990,396,258305,6338062,234740,FALSE,FALSE
8012,634f482a42aa919931cb4167,39,library/elasticsearch:8.2.2,10/19/22,elasticsearch:root,10/19/22,sha256:4e6476fa627dfa17b1fc40d68fb1bdcbd3e785a0f9f2252ec79495c3cca6df77,linux,Ubuntu,20.04,1227208617,2,Elasticsearch is a powerful open source search and analytics engine that makes data easy to explore.,https://github.com/elastic/elasticsearch,16,0,18,500,2,112,325,13,75,196,39,0,2,219.0314164,60,111,459,33274579,80495247,47220668,2,68,0,70,0,3519,13,4,9,715909563,5832,1209517,3822501,126547,FALSE,FALSE
8139,634f496aed88158e19e16129,40,library/elixir:latest,10/19/22,,10/19/22,sha256:c8045d3e2c137df1b26998b2251fe3ca7e1ef82ff9012308eea44b5123631f41,linux,Debian GNU/Linux,11,1465954958,0,"Elixir is a dynamic, functional language for building scalable and maintainable applications.",NULL,18,4,16,583,2,295,1203,515,59,262,325,24,18,504.4206286,50,1775,4384,30006966,78984332,48977366,0,891,0,891,0,0,10,9,9,44988089,521,4221542,13346167,557877,FALSE,FALSE
8261,634f486e31d9fe5b404ec608,41,library/erlang:latest,10/19/22,,10/19/22,sha256:aa761da0881146c4e0a398f918fae89c3900c8012559438b74e28aab9b796b46,linux,Debian GNU/Linux,11,1455115634,0,Erlang is a programming language used to build massively scalable systems with high availability.,NULL,18,4,13,583,2,295,1203,515,59,262,325,24,18,253.1312976,50,1775,4384,30006966,78984332,48977366,0,888,0,888,0,0,10,9,8,50796840,337,4220327,13344952,547545,FALSE,FALSE
8381,634f486040329889c4405415,42,fauna/faunadb:latest,10/19/22,,10/19/22,sha256:a87ef8c4e5cc5124cbb21b56a4cdae741092f72ef9c78a914baea88dcff8b919,linux,Debian GNU/Linux,11,856877581,4,Fauna is the data API for modern applications.,NULL,17,4,34,954,3,143,260,103,14,50,62,7,24,192.4721694,48.56877581,1973,4976,12711761,28836225,16124464,2,15,0,17,0,0,9,5,17,248375,14,901083,5860376,716084,FALSE,FALSE
8500,634f47baf09ad47875ae2ff9,43,library/fedora:latest,10/19/22,,10/19/22,sha256:98ffdbffd20736862c8955419ef7db69849d715131717697007c3e51f22915a5,linux,Fedora Linux,36,163023686,0,Official Docker builds of Fedora,NULL,10,0,4,150,2,47,4,0,0,2,2,0,0,73.84716379,41.63023686,1102,2907,5356063,12678291,7322228,0,0,0,0,0,0,8,2,1,105688671,1095,17625,3810128,317305,FALSE,FALSE
8625,634f486e1da52e745ade1393,44,library/flink:latest,10/19/22,,10/19/22,sha256:0cd44fd660bf2093a3e3e36df712b18a7fc9f3b6489cd14785a636ed54754086,linux,Ubuntu,22.04,745634777,2,Apache FlinkÂ® is a powerful open-source distributed stream and batch processing framework.,NULL,16,0,22,211,2,129,26,9,14,3,0,0,0,169.8358862,47.45634777,411,967,801573,2068875,1267302,1,88,0,89,0,32768,8,9,10,83245547,355,79846,2434945,190612,FALSE,FALSE
8745,634f4827d7624a76a83c366d,45,library/fluentd:latest,10/19/22,fluent,10/19/22,sha256:b9bb541bfc9908f21cb0dd96aaaacb54d846895aecd4b03c4a16707d4f4f13e4,linux,Alpine Linux,3.13.12,50235687,2,Fluentd is an open source data collector for unified logging layer,NULL,2,2,15,99,3,20,21,0,2,5,11,0,3,50.39021771,40.50235687,62,162,1933257,5760345,3827088,0,8,0,8,0,0,0,3,5,8835129,151,64546,626551,81360,FALSE,FALSE
8866,634f487043862b08656853b9,46,foundationdb/foundationdb:latest,10/19/22,,10/19/22,sha256:41ba9df03ca0f87cb395b9ed7a715dd0c13e8041018d8d5dee73eee63f5bbde0,linux,Ubuntu,18.04,572830509,0,FoundationDB is a distributed database providing ACID transactions.,NULL,17,4,26,187,1,117,1119,52,278,755,34,0,0,189.5760762,45.72830509,642,1448,69241210,197304467,128063257,2,148,0,150,0,168,9,7,12,560034,9,3899959,3147253,247513,FALSE,FALSE
8986,634f48aabb728fe4286453a9,47,library/fsharp:latest,10/19/22,,10/19/22,sha256:21352db8ceed765daea13b6eb4f6d02ee204f732eecbd0289f96270eb2296f3a,linux,Debian GNU/Linux,10,608405155,0,DEPRECATED; use https://hub.docker.com/_/microsoft-dotnet-sdk/,NULL,15,4,7,308,1,114,614,388,37,63,81,5,40,134.7320547,46.08405155,967,3098,26084277,84329678,58245401,0,280,0,280,0,0,8,4,2,2859062,80,2008503,5121851,344881,FALSE,FALSE
9159,634f48ab805996e4f3cef98b,48,library/golang:latest,10/19/22,,10/19/22,sha256:8827cedaa309b5f850906bf549f20ffacb58978155b8a383a60c6e44e160bfa1,linux,Debian GNU/Linux,11,992270182,0,"Go (golang) is a general purpose, higher-level, imperative programming language.",NULL,17,4,13,204,3,142,417,275,6,54,57,16,9,248.4035535,49.92270182,1402,3198,15326852,37169021,21842169,0,192,0,192,0,0,9,8,7,1669327114,4315,1397285,5748461,430862,FALSE,FALSE
9290,634f487190b9f2e77612fe41,49,library/gradle:latest,10/19/22,,10/19/22,sha256:41741b960c057d30562632343529b205da78558a9563965fad172aff97491ec7,linux,Ubuntu,22.04,747134439,0,Gradle is a build tool with a focus on build automation and support for multi-language development.,NULL,18,0,19,434,3,165,146,15,32,38,46,0,15,147.3905621,47.47134439,974,2131,8182943,16956800,8773857,1,130,0,131,0,32768,9,8,7,182534958,497,461669,5716804,319827,FALSE,FALSE
9452,634f48aab2cbb6687bb205a4,50,grafana/grafana:latest,10/19/22,472,10/19/22,sha256:46e73c2b7a35cd32629b4ea29c963b8fdc831cd872e7755ee77153fe2f1d5333,linux,Alpine Linux,3.15.6,347354738,1,The official Grafana docker container,NULL,2,3,16,561,2,20,9,0,0,4,5,0,0,94.88331918,43.47354738,56,304,1804878,3691650,1886772,0,24,0,24,0,0,0,3,9,3801242634,2385,45593,974663,116584,FALSE,FALSE
9580,634f4896a870fee8fbe3cea0,51,apisguru/graphql-faker:latest,10/19/22,,10/19/22,sha256:2c08010d9dacf7efafb2d7945f2b7083244f657da8325ad6601d4eea95e069b4,linux,Alpine Linux,3.11.6,162764256,1,ðŸŽ² Mock or extend your GraphQL API with faked data. No coding required.,NULL,2,2,13,632,2,25,107,0,5,27,62,0,13,124.1918225,41.62764256,1318,3723,3954037,10590847,6636810,1,0,0,1,0,0,0,4,6,1254921,3,320619,749866,553310,FALSE,FALSE
9705,634f48a3f38c13b01491f222,52,library/groovy:latest,10/19/22,groovy,10/19/22,sha256:fb1cfda6ccfca38910b8de2b08a9c7bc3a8190b0a47703d69d1ed84cde91bff1,linux,Ubuntu,22.04,512829865,0,Apache Groovy is a multi-faceted language for the Java platform.,NULL,22,0,20,249,2,125,75,15,39,15,6,0,0,105.9869122,45.12829865,409,959,776507,2015987,1239480,1,83,0,84,0,32768,8,16,8,72421155,137,206393,2732174,186058,FALSE,FALSE
9868,634f4896d67194312ad5d87d,53,bitnami/haproxy:latest,10/19/22,1001,10/19/22,sha256:9b6403dc7b72c64059aa679bcd4d39488d0a15563c6bbd76edfdc5e714da3175,linux,Debian GNU/Linux,11,115820536,0,,NULL,15,4,15,169,2,91,74,58,5,3,7,0,1,79.31884199,31.15820536,451,968,1652738,3554926,1902188,1,0,0,1,0,0,8,4,2,127521,4,241689,1916811,153095,FALSE,FALSE
10031,634f4886441e3e2383fbf5d6,54,bitnami/harbor-registry:latest,10/19/22,1001,10/19/22,sha256:ede382113502729cf4be28a0d2b01f603fec43d615561181168017c96acb4477,linux,Debian GNU/Linux,11,106891396,1,,NULL,15,4,19,102,2,91,76,58,5,5,7,0,1,60.44619839,31.06891396,452,970,1664096,3577642,1913546,1,0,0,1,0,0,8,4,2,3944282,14,250035,1865360,156375,FALSE,FALSE
10158,634f4af04c07abc9ddc2b72d,55,library/haskell:latest,10/19/22,,10/19/22,sha256:8b17a051e0e0d9239fecc4da213f6a8d3d7883c94500f73920da35914d38b31f,linux,Debian GNU/Linux,10,2478878208,0,Haskell is an advanced purely-functional programming language.,NULL,18,4,19,419,3,233,2053,807,386,493,313,21,33,657.5249996,50,1078,2755,106998893,227866565,120867672,0,530,0,530,0,0,10,11,9,7422928,432,7915623,8710497,385005,FALSE,FALSE
10286,634f490b724fbf8fcdcb7d0b,56,library/haxe:latest,10/19/22,,10/19/22,sha256:0305f1cef797c75937116bd4190d1bf92f50c7aa8e89afa8beb6e652cb2dbd2e,linux,Debian GNU/Linux,11,351597115,0,"Haxe is a modern, high level, static typed programming language with multiple compilation targets.",NULL,18,4,13,176,2,145,252,104,5,22,105,1,15,179.7239336,43.51597115,1098,2429,13814953,33673288,19858335,0,145,0,145,0,0,9,9,7,24023423,55,852761,4433250,347211,FALSE,FALSE
10410,634f48e55ce2291762fa284e,57,hazelcast/hazelcast:latest,10/19/22,hazelcast,10/19/22,sha256:2e6c0b944e3d8bebab854270d22e4b1fedfaf5cd49741fa65f8623f295a928bb,linux,Alpine Linux,3.16.2,577709025,1,Hazelcast Docker Image,NULL,2,3,14,516,2,15,118,0,8,43,55,0,12,111.6751005,45.77709025,13,26,50874,101748,50874,1,0,0,1,0,1442,0,2,6,14950091,76,579210,1501096,67037,FALSE,FALSE
10568,634f48b8121495c7a577d81a,58,library/httpd:latest,10/19/22,,10/19/22,sha256:d16a51d08814012645a6fcc2e3adf323ff49d7d00b836bb872de92ad7156bf53,linux,Debian GNU/Linux,11,145191367,1,The Apache HTTP Server Project,NULL,16,4,15,117,1,98,90,69,5,5,10,0,1,36.81370665,41.45191367,457,999,1654954,3568160,1913206,0,43,0,43,0,0,9,5,5,3911188599,4211,299325,1851599,173776,FALSE,FALSE
10692,634f48c993b19498567e2471,59,oryd/hydra:latest,10/19/22,ory,10/19/22,sha256:9e9824c1c007909c1afa425ac9597ce3054f046804aa93c1f3146f973b6b1234,linux,Alpine Linux,3.16.2,39250032,0,"Scalable, security first OAuth 2.0 and OpenID Connect server",NULL,2,2,10,191,2,10,3,0,0,1,2,0,0,53.21727662,40.39250032,9,18,15868,31736,15868,0,0,0,0,0,0,0,2,6,230408728,70,21575,256964,57917,FALSE,FALSE
10803,634f4bb000daf10d8a2874f1,60,cypress/included:9.7.0,10/19/22,root,10/19/22,sha256:415f469c62534d4a65327ec6eba72433cd5e8d675bf01e7a4110ac443b844343,linux,Debian GNU/Linux,11,2500991329,0,"Docker images with all operating system dependencies, Cypress, and some pre-installed browsers.",NULL,21,4,37,2402,3,287,1140,385,38,224,401,33,59,784.1803121,50,6138,17053,84920738,195745072,110824334,2,1088,0,1090,0,641,12,13,20,56165173,65,3692538,11460519,2514140,FALSE,FALSE
10927,634f4a1fbc6e799d372ef673,61,prom/node-exporter:latest,10/19/22,nobody,10/19/22,sha256:d3e443c987ef405e1be101647873d86b5729c9c47bb1dd1ab59ccb24bc9e322c,linux,NULL,NULL,22324836,1,,NULL,1,0,11,46,1,0,2,0,0,1,1,0,0,39.32326055,30.22324836,0,0,0,0,0,0,3,0,3,0,0,0,1,3,2982737360,315,16749,41375,21703,FALSE,FALSE
11073,634f49243dc920602d78d59c,62,library/influxdb:latest,10/19/22,,10/19/22,sha256:4beafc45eab51a6f2f21fc0c8609edec4f551edef0086a67096dc4d92e8b5ffe,linux,Debian GNU/Linux,10,469206454,1,"InfluxDB is an open source time series database for recording metrics, events, and analytics.",NULL,16,4,22,507,2,86,204,87,35,26,40,5,11,96.91978805,44.69206454,107,394,152652178,310224466,157572288,0,67,0,67,0,0,9,8,10,985137059,1634,681382,2697057,120300,FALSE,FALSE
11234,634f48b78dad641c756dccdd,63,jaegertracing/jaeger-agent:latest,10/19/22,10001,10/19/22,sha256:e3ce4448589b64f21920cb1882c80f2ab36ed530e68aee94da79085d4c3a4464,linux,Alpine Linux,3.16.2,30286160,4,,NULL,2,2,10,61,2,10,2,0,0,1,1,0,0,22.25725549,30.3028616,7,14,14274,28548,14274,0,0,0,0,0,0,0,2,4,151408259,26,15746,96354,21309,FALSE,FALSE
11396,634f48c49dc2bb63d10fbd14,64,jaegertracing/jaeger-collector:latest,10/19/22,,10/19/22,sha256:ceac890fe06f2f27464450448ebdb9e54fd295e00dbcfc629da3296dcdd6a36e,linux,Alpine Linux,3.16.2,52747599,1,Jaeger Collector receives tracing data from SDKs and sends it to storage.,NULL,2,2,8,137,2,10,2,0,0,1,1,0,0,44.03453354,40.52747599,7,14,14274,28548,14274,0,0,0,0,0,0,0,2,4,110838366,19,15322,149239,19973,FALSE,FALSE
11559,634f48da2421744ed4ecda8f,65,jaegertracing/jaeger-ingester:latest,10/19/22,,10/19/22,sha256:129c8886096f16c570459e9085a4d7de62387b77f9334acba40aebfc9efbe5cd,linux,Alpine Linux,3.16.2,45684608,2,,NULL,2,2,8,106,2,10,2,0,0,1,1,0,0,24.63850252,30.45684608,7,14,14274,28548,14274,0,0,0,0,0,0,0,2,4,1448805,1,15349,127077,20041,FALSE,FALSE
11728,634f4901cb509544ac25fbbc,66,jaegertracing/jaeger-operator:main,10/19/22,1001:1001,10/19/22,sha256:6ad058f965fb26662619715d1b035967e82efec0073daab588f26cde7675a744,linux,Red Hat Enterprise Linux,8.6,278219022,0,The Jaeger Operator for Kubernetes,NULL,15,0,9,294,3,63,146,0,76,62,4,4,0,72.178428,42.78219022,1568,3986,10288426,23807976,13519550,1,3,0,4,0,0,11,4,5,18193606,4,480434,5291519,487219,FALSE,FALSE
11893,634f491d190d9dc1e37d6e21,67,jaegertracing/jaeger-query:latest,10/19/22,,10/19/22,sha256:221937900c0ff4d1c9782ada19df5602655ab269357794068270a6a20231def1,linux,Alpine Linux,3.16.2,55068079,1,,NULL,2,2,8,112,2,10,2,0,0,1,1,0,0,62.78382281,30.55068079,7,14,14274,28548,14274,0,0,0,0,0,0,0,2,4,89479942,15,15282,131037,19883,FALSE,FALSE
12078,634f4998afa653650f1244d9,68,jenkins/jenkins:latest,10/19/22,jenkins,10/19/22,sha256:74f22659b4b64bd30227ecc3f43767145921cba5a2a5680a9cc89b4f543750d5,linux,Debian GNU/Linux,11,463204958,2,The leading open source automation server,NULL,17,4,47,460,4,137,141,92,10,9,28,0,2,207.3569397,44.63204958,1072,2329,12414975,30745126,18330151,0,0,0,0,0,0,9,3,14,753928713,3245,480388,6139914,367308,FALSE,FALSE
12203,634f4948d575ac2da47c3354,69,library/jetty:latest,10/19/22,jetty,10/19/22,sha256:7cb20851e710a33150f78883f7f6e55dc1b6709146d7265a5c653a8d7afaa208,linux,Ubuntu,20.04,476671259,1,Jetty provides a Web server and javax.servlet container.,NULL,16,0,24,225,2,101,114,26,32,34,16,0,6,98.89757955,44.76671259,406,939,816300,1965786,1149486,1,77,0,78,0,32768,8,7,6,36143084,385,513030,2721003,174895,FALSE,FALSE
12331,634f496cfe031879487ddb41,70,library/jruby:latest,10/19/22,,10/19/22,sha256:2f6a05e2c81f757369ebf6cb49bc99388fa15dab8615d4437b5eb8a44981038a,linux,Ubuntu,20.04,295919909,0,JRuby (http://www.jruby.org) is an implementation of Ruby (http://www.ruby-lang.org) on the JVM.,NULL,16,0,21,232,3,110,140,23,32,75,9,0,1,113.0528338,42.95919909,612,1366,1294487,2999138,1704651,0,109,0,109,0,0,8,9,9,48357209,110,423882,3765672,243723,FALSE,FALSE
12447,634f4964d49c7831c9e391b6,71,wurstmeister/kafka:latest,10/19/22,,10/19/22,sha256:a692873757c06a38279b6141e7f1cfb886afca37abb62415c542425ec53ba0bf,linux,Debian GNU/Linux,11,468184028,0,Multi-Broker Apache Kafka Image,https://github.com/wurstmeister/kafka-docker,15,4,21,353,3,113,196,70,22,31,54,0,19,127.1958433,54.68184028,448,993,1644469,3546987,1902518,2,15,0,17,0,0,8,5,7,131909955,1531,744232,2562672,184966,FALSE,FALSE
12570,634f496ecf97243e20cf64d1,72,library/kapacitor:latest,10/19/22,,10/19/22,sha256:02a92558e7c1021c9f7bb32921368ed68a203374c6fd5cd1e7bdb3b85371294c,linux,Ubuntu,22.04,298915526,1,"Kapacitor is an open source framework for processing, monitoring, and alerting on time series data.",NULL,16,0,13,387,2,116,33,8,15,7,3,0,0,111.8489836,42.98915526,403,939,888118,2209162,1321044,0,65,0,65,0,0,8,7,7,52371581,235,97239,2328808,164891,FALSE,FALSE
12684,634f498187d0b2371b98f93a,73,keycloak/keycloak:latest,10/19/22,1000,10/19/22,sha256:51b2e0508ca853daf30d5b0450cace94d294a76f16533387a430e84cfe98f110,linux,Red Hat Enterprise Linux,8.6,556821590,2,,NULL,2,0,9,1175,3,45,203,0,53,78,52,4,16,136.0454984,35.5682159,132,355,1478588,4004267,2525679,2,2,0,4,0,0,0,4,4,5653,2,925362,7623309,70125,FALSE,FALSE
12801,634f4a05093bcbc632500e16,74,library/kibana:8.2.2,10/19/22,kibana,10/19/22,sha256:0ad58e9fd51ec50166d355ab9f07c0068e30a500331c00d8f5a724779b6e9eb3,linux,Ubuntu,20.04,774870353,1,Kibana gives shape to any kind of data â€” structured and unstructured â€” indexed in Elasticsearch.,https://github.com/elastic/kibana,16,0,23,1065,2,117,95,13,24,50,7,0,1,267.0502358,57.74870353,3554,10420,11113258,27015735,15902477,2,61,0,63,0,3519,13,4,15,139172400,2492,264822,2428631,1452636,FALSE,FALSE
12924,634f496f347ecb325aba49c9,75,library/kong:latest,10/19/22,kong,10/19/22,sha256:2712ffde79f4ab54edaaeb5188a3086e60f6bf4729459b724c58a651dae40ee9,linux,Alpine Linux,3.16.2,146898194,4,The Cloud-Native API Gateway for APIs and Microservices,NULL,2,3,19,40,1,23,0,0,0,0,0,0,0,67.88740341,41.46898194,30,63,390842,793590,402748,1,22,0,23,0,0,0,4,4,298627284,688,12592,1284919,68983,FALSE,FALSE
13067,634f4a70370fc4b5b475fe4d,76,lambci/lambda:latest,10/19/22,sbx_user1051,10/19/22,sha256:50dafa7488c489068f9280e3c0a6021d24923d3785ec9ce1e405899823f9e335,linux,Amazon Linux AMI,2018.03,712179889,0,Images that (very closely) mimic the live AWS Lambda environment,NULL,1,2,10,465,4,69,334,0,26,164,125,0,19,348.4762382,47.12179889,2141,7541,39088425,97588602,58500177,0,2,0,2,0,0,0,1,3,113540817,300,754657,8446976,891471,FALSE,FALSE
13206,634f49a4c26b9af7ee5e17ca,77,lorisleiva/laravel-docker:latest,10/19/22,,10/19/22,sha256:b2798ee51cba3fa31bc9ca32c843565096a709c45a439b4e030bacc5453b7e27,linux,Alpine Linux,3.15.6,584792350,0,Generic docker image for Laravel Applications,NULL,2,3,27,359,3,51,181,0,1,100,62,4,14,108.3432195,45.8479235,81,255,158369,346678,188309,0,13,0,13,0,0,0,4,14,3001047,140,413525,2814476,152650,FALSE,FALSE
13339,634f49940c3f9040db8c5c4e,78,opensuse/leap:latest,10/19/22,,10/19/22,sha256:b59a33a9e95e00f80d2d53790e3f758b38e393ec91c23d54268c839562e4f3ef,linux,openSUSE Leap,15.4,111937588,0,Official openSUSE Leap Images,NULL,20,2,1,135,1,40,0,0,0,0,0,0,0,35.34467902,41.11937588,29,122,250848,957202,706354,0,0,0,0,0,0,13,3,1,11828640,73,4962,1182985,21741,FALSE,FALSE
13461,634f49b0dcfe3ea9d62b4634,79,library/lightstreamer:latest,10/19/22,lightstreamer,10/19/22,sha256:f8bd80560d56b1586f97fd532e8b381d673276c50f8dc7bd7fc85158f4b7f722,linux,Ubuntu,22.04,521068490,1,Lightstreamer is a real-time messaging server optimized for the Internet.,NULL,16,0,20,243,2,125,33,9,14,3,6,0,1,121.4843527,45.2106849,408,961,1122990,2708100,1585110,1,73,0,74,0,32768,8,7,7,5129997,72,100745,2810947,179433,FALSE,FALSE
13583,634f49d32201ea41ba9a30f4,80,buoyantio/linkerd:latest,10/19/22,,10/19/22,sha256:600fed9ece05acd61e51fc7ba9925ff24f3f9b2b66a7f43862fe3bac32b7c146,linux,Debian GNU/Linux,9,301962397,0,Resilient service mesh for cloud native apps,NULL,16,4,19,154,2,87,504,113,73,95,152,20,51,115.3146265,43.01962397,107,384,2525818,7238837,4713019,0,1,0,1,0,0,9,7,8,85939468,26,1783821,2501513,127825,FALSE,FALSE
13800,634f4ca646b286fa57bae780,81,localstack/localstack:latest,10/19/22,,10/19/22,sha256:1fc79c449d1bf57956cf7dacc8dc7bd6ed446ebe176dbd7a7dc8b72b7db9e5c6,linux,Debian GNU/Linux,10,2022085012,52,ðŸ’»  A fully functional local AWS cloud stack. Develop and test your cloud & Serverless apps offline!,NULL,17,4,75,2019,5,200,768,152,107,205,251,2,51,810.7212461,50,10713,29568,127339551,331366308,204026757,4,518,0,522,0,0,9,16,34,109958837,218,4707747,14298444,4285603,FALSE,FALSE
13917,634f4a3e9a16e0a3f1f437e7,82,library/logstash:8.2.2,10/19/22,1000,10/19/22,sha256:0731ee0df3d1881e46cd91da2e3c83535fd48892f13ed852140b8b776fc79e49,linux,Ubuntu,20.04,770696989,2,Logstash is a tool for managing events and logs.,https://github.com/elastic/logstash,16,0,21,535,3,105,202,14,20,76,85,0,7,195.1781602,57.70696989,631,2466,16519800,41625799,25105999,2,54,0,56,0,3519,13,4,12,183548722,2061,604164,4410068,431191,FALSE,FALSE
14070,634f49d7e41f69eb47054f48,83,library/mariadb:latest,10/19/22,,10/19/22,sha256:14f1097913ecb422c61f9b35604339c1ac74394e7df7f84f765917b018605b5f,linux,Ubuntu,22.04,383756559,1,"MariaDB Server is a high performing open source relational database, forked from MySQL.",NULL,17,0,21,193,2,143,31,8,14,9,0,0,0,100.4388349,43.83756559,963,2093,4937625,10550079,5612454,1,146,0,147,0,0,9,8,11,2533403145,5098,92980,3034777,321438,FALSE,FALSE
14201,634f4a0bbb79c89ab97f55d3,84,library/maven:latest,10/19/22,,10/19/22,sha256:eee42bfd68d5f1ed7ab7bad6b2487aea2edc37361f60c4e0877b92e994b4be11,linux,Ubuntu,22.04,535400196,0,Apache Maven is a software project management and comprehension tool.,NULL,18,0,22,201,2,146,68,17,28,16,0,0,7,132.0272976,45.35400196,958,2091,7230407,15122105,7891698,1,92,0,93,0,32768,9,8,8,557729842,1411,295604,3413384,313765,FALSE,FALSE
14331,634f4a1e431e165cfa99150c,85,library/memcached:latest,10/19/22,memcache,10/19/22,sha256:9bdad48377094436fa7ba308ceb1b2bbce918630232e753085668b4e28281114,linux,Debian GNU/Linux,11,89271868,1,"Free & open source, high-performance, distributed memory object caching system.",NULL,15,4,13,100,1,92,73,55,5,2,10,0,1,127.7973333,40.89271868,439,951,1577079,3415122,1838043,0,11,0,11,0,0,8,5,6,3348750564,1959,236709,1725155,139176,FALSE,FALSE
14450,634f4a4ac829a81984a84eef,86,continuumio/miniconda3:latest,10/19/22,,10/19/22,sha256:ce7d119281a1f4685ce6ca66b355c88baa44522ac6a54aee86be96d14ab6dfda,linux,Debian GNU/Linux,11,403452954,0,Powerful and flexible package manager,NULL,17,4,9,184,2,142,189,93,8,25,42,4,17,169.2050469,44.03452954,1600,3563,15845742,32384741,16538999,0,0,0,0,0,0,9,3,3,25047389,364,667823,3652475,441732,FALSE,FALSE
14597,634f4a079049391744b0f68c,87,minio/minio:latest,10/19/22,,10/19/22,sha256:c1244bccda2861e9ce8122cd05014581819c80a06c62616e3d04d5176abc5925,linux,Red Hat Enterprise Linux,8.6,229839768,1,Multi-Cloud Object Storage,NULL,12,0,15,322,2,39,56,0,30,22,1,3,0,72.48752454,42.29839768,439,949,887199,2841039,1953840,1,2,0,3,0,0,8,3,7,1020926631,623,190919,2000196,140583,FALSE,FALSE
14886,634f49cd556fe1cfc1741ea5,88,mockserver/mockserver:latest,10/19/22,nonroot,10/19/22,sha256:9ce5f4e60030677819a28d818a10cd96656121659129c227beef0e76f83e6e47,linux,Debian GNU/Linux,11,269597998,1,MockServer enables easy mocking or proxying of any system you integrate with via HTTP or HTTPS,NULL,3,0,13,114,2,43,36,22,0,8,5,0,1,52.73851726,42.69597998,396,792,968188,1936376,968188,0,0,0,0,0,0,0,3,7,84729451,16,111127,181694,130145,FALSE,FALSE
15048,634f4a216d561ffa9ad12ab2,89,library/mongo:latest,10/19/22,,10/19/22,sha256:1cca5cf682396e2ad3b4af822f1e0f64990a940cf9047c8d93b63af592e054aa,linux,Ubuntu,20.04,694522572,1,MongoDB document databases provide high availability and easy scalability.,NULL,16,0,22,292,2,94,58,13,24,21,0,0,0,127.2927143,46.94522572,413,976,1356527,3255520,1898993,1,90,0,91,0,0,8,7,9,3542939218,9176,162319,1992561,178167,FALSE,FALSE
15200,634f4a3af16d453841cf1096,90,library/mono:latest,10/19/22,,10/19/22,sha256:ea48581096b0332590a2597dd2cb99b463337dd24fbfc28bde0d07749f35159b,linux,Debian GNU/Linux,10,787590070,0,Mono is an open source implementation of Microsoft's .NET Framework,NULL,15,4,6,324,1,128,506,382,29,34,48,4,9,156.8977977,47.8759007,1090,3955,29381837,110486118,81104281,1,456,0,457,0,0,8,6,4,41170315,482,1628911,5499547,453671,FALSE,FALSE
15333,634f4a38810007750da7ac35,91,library/mysql:latest,10/19/22,,10/19/22,sha256:40b83de8fb1a29d9b47d3ecbff86f67d22f8418f6e6ef5d349aaca2c2919074a,linux,Oracle Linux Server,8.6,535483869,2,"MySQL is a widely used, open-source relational database management system (RDBMS).",NULL,7,0,20,136,3,50,5,0,0,4,1,0,0,125.4932528,45.35483869,559,1370,1289993,3729074,2439081,0,119,0,119,0,0,3,9,11,3475074171,13345,35479,11324266,213558,FALSE,FALSE
15462,634f49d709e5e356d057e98c,92,library/nats:latest,10/19/22,,10/19/22,sha256:eae8e0e40e5d6a88833150b7613d8c2af98aeeefd0da6dca3100722e12b19571,linux,NULL,NULL,12329104,3,"NATS is an open-source, high-performance, cloud native messaging system.",NULL,NULL,0,6,10,1,0,6,0,3,0,2,0,1,23.6458785,40.12329104,0,0,0,0,0,0,0,0,0,0,0,0,0,2,158256245,415,16759,13146,8349,FALSE,FALSE
15588,634f4a0e5e45aa32f6c2f633,93,library/nats-streaming:latest,10/19/22,,10/19/22,sha256:f455b7760d72d079088195f9cc0441f3fe22e1b46ecc2b8f49b3cda5ec483adf,linux,NULL,NULL,21167608,2,"DEPRECATED; An open-source, high-performance, cloud native messaging streaming system.",NULL,NULL,0,4,26,1,0,0,0,0,0,0,0,0,48.03314517,40.21167608,0,0,0,0,0,0,0,0,0,0,0,0,0,1,88703796,154,5236,23469,5848,FALSE,FALSE
15717,634f4a86387d360dddd29bfe,94,library/neo4j:latest,10/19/22,,10/19/22,sha256:f8ae5bfb75495d129630107d1dc2ff2fac5a5988315c7c0383ba4a448632e78b,linux,Debian GNU/Linux,11,569719184,3,"Neo4j is a highly scalable, robust native graph database.",NULL,15,4,15,365,2,92,96,57,7,4,15,0,13,137.7377762,45.69719184,446,968,1621184,3499822,1878638,0,22,0,22,0,0,8,4,5,215920201,1084,315459,4328715,165869,FALSE,FALSE
15835,634f4bb2765c6dc5985f865a,95,apache/nifi:latest,10/19/22,nifi,10/19/22,sha256:548738cd2d3cf03a0ddef9fcd90a6c8d30af78c5dd66e18b416dd610b9041d5c,linux,Debian GNU/Linux,11,1837467159,4,Unofficial convenience binaries and Docker images for Apache NiFi,NULL,15,4,38,685,2,116,188,75,13,37,43,1,19,376.8752682,50,688,1570,82384021,170926556,88542535,0,103,0,103,0,0,8,8,13,12457303,262,677901,6376814,297775,FALSE,FALSE
15952,634f4a55f95a14d9ff20497f,96,library/notary:signer-0.7.0,10/19/22,notary,10/19/22,sha256:5abf773ac8cd02369a31368431b08103726cc068bbe878fbd38360600c257405,linux,Alpine Linux,3.12.12,20357479,2,Notary server and signer cooperatively handle signing and distribution of notary repositories.,NULL,2,2,16,51,2,12,6,0,1,2,0,0,3,21.73942087,40.20357479,10,20,16550,33100,16550,0,2,0,2,0,0,0,3,6,6255871,57,26961,96260,34108,FALSE,FALSE
16119,634f4ab2d88fc3e79d3f5f9b,97,library/openjdk:latest,10/19/22,,10/19/22,sha256:ef80c8b433f694728b3e2be2030d83710ade6469e06f0cf0e1fa932e88a1d720,linux,Oracle Linux Server,8.6,464332646,0,Pre-release / non-production builds of OpenJDK,NULL,5,0,9,112,2,39,3,0,0,2,1,0,0,109.0428977,44.64332646,380,814,796421,2514172,1717751,0,63,0,63,0,0,3,4,3,1768588310,3457,21318,1868509,115017,FALSE,FALSE
16240,634f4a91cda66c8d982537a0,98,library/oraclelinux:7.9,10/19/22,,10/19/22,sha256:13804175017a0cc77d853ead0d84aba3d46d54a7bd5221db5bbaa06c2a8eceeb,linux,Oracle Linux Server,7.9,255446956,0,Official Docker builds of Oracle Linux.,NULL,27,0,2,206,2,59,11,0,0,5,6,0,0,92.48048918,42.55446956,421,1331,1965930,5391583,3425653,0,0,0,0,0,0,14,7,1,28823431,932,55701,4472998,149166,FALSE,FALSE
16368,634f4aeedc903747eb253304,99,library/orientdb:latest,10/19/22,,10/19/22,sha256:3ce9a6d8a6a17c80a992c84468378b426181dcb6e07b4220df4b64dcbe70a317,linux,Ubuntu,22.04,414967435,2,OrientDB a Multi-Model Open Source NoSQL DBMS that combines graphs and documents.,NULL,16,0,23,215,2,123,49,9,8,19,9,0,4,185.6987937,44.14967435,411,936,1205732,2699460,1493728,0,45,0,45,0,0,8,7,6,14589401,168,177432,3349633,172541,FALSE,FALSE
16497,634f4af16dea03978bad22c2,100,hashicorp/packer:latest,10/19/22,,10/19/22,sha256:165a6e49ca5d083ae843da705884cf53487859eb71ae9327aaa5dcf60baa71d9,linux,Alpine Linux,3.16.1,192962705,0,Automatic build of packer from latest source. See README for more information.,NULL,2,3,9,295,2,27,6,0,1,2,1,0,2,139.5967977,41.92962705,8,16,14303,28606,14303,0,0,0,0,0,0,0,2,3,35178930,106,25123,484892,53042,FALSE,FALSE
16618,634f4b0cd29bcb1409dceba1,101,percona/percona-server:latest,10/19/22,mysql,10/19/22,sha256:e8eacc4275cffa3adfb783997ac676c109bf8c4e0a1393e3c8b6e70848db9e8c,linux,Oracle Linux Server,8.6,1067549125,2,Docker image for Percona Server (from Percona) ,NULL,15,0,16,259,2,71,20,0,0,12,8,0,0,172.6635919,50,492,1173,5773451,13119262,7345811,1,151,0,152,0,0,10,6,6,24981206,69,87140,7360990,165583,FALSE,FALSE
16750,634f4afbe96a8e27169439f1,102,library/perl:latest,10/19/22,,10/19/22,sha256:4357c0fae13b8448fd2ec860c7ae0e56987460d60a5f2ae2e572278bc5ee3107,linux,Debian GNU/Linux,11,894404898,0,"Perl is a high-level, general-purpose, interpreted, dynamic programming language.",NULL,17,4,12,410,2,233,1166,503,58,247,322,22,14,198.933886,48.94404898,1549,3645,21724977,57872048,36147071,1,523,0,524,0,0,9,8,7,193334815,429,4104082,8332356,459313,FALSE,FALSE
16944,634f4ade45432f30344d43ad,103,library/php:latest,10/19/22,,10/19/22,sha256:aa24992dd02081353a5c4c595ece2eee8f949aabafcb7f07e148af267d8c13bf,linux,Debian GNU/Linux,11,484100390,0,"While designed for web development, the PHP scripting language also provides general-purpose use.",NULL,15,4,21,168,1,116,359,257,6,42,38,15,1,94.40410677,44.8410039,1005,2122,4078996,8716844,4637848,1,130,0,131,0,0,8,6,9,920498489,6835,1159455,3945246,321648,FALSE,FALSE
17061,634f4b179aeb4c01e2c058a8,104,library/php-zendserver:latest,10/19/22,,10/19/22,sha256:69a421bc426d59a090e00d6b2a558b7fe5b12a1b753dffc6ab6e0cc7f38dc9f1,linux,Ubuntu,18.04,1024423784,4,Zend Server - the integrated PHP application platform for mobile and web apps.,NULL,18,4,22,362,3,140,138,33,46,56,3,0,0,226.540221,50,1370,3633,21317481,50568100,29250619,23,188,0,211,0,42350135,9,9,12,4060213,205,419033,7533888,497336,FALSE,FALSE
17183,634f4aebb3ac10edb7d9b977,105,laravelsail/php80-composer:latest,10/19/22,,10/19/22,sha256:3a17ec907658251a49473222a8c2937da281139f63d3f2ae49a9552003bc547a,linux,Debian GNU/Linux,11,523314789,0,,NULL,17,4,28,230,2,139,406,275,9,49,50,19,4,135.1836407,35.23314789,1044,2248,9262919,19100130,9837211,2,130,0,132,0,0,9,6,16,663872,62,1324505,4342612,362517,FALSE,FALSE
17436,634f4af90e3fe13dd44a13a6,106,library/postgres:latest,10/19/22,,10/19/22,sha256:901a82b310d35b1669954c15fb42735230f34428993392f784360d370c63a80c,linux,Debian GNU/Linux,11,377355811,1,The PostgreSQL object-relational database system provides reliability and data integrity.,NULL,16,4,25,150,2,120,110,82,5,7,14,1,1,89.40799422,43.77355811,1004,2129,4781301,10276443,5495142,1,129,0,130,0,0,8,10,13,4807007004,11559,360775,3765501,323197,FALSE,FALSE
17569,634f4b35ba5ecb9a0811b2e3,107,stoplight/prism:latest,10/19/22,,10/19/22,sha256:f22d4268cef0859ec1a94ccc14e742026778c1520f3b402812f925a4565ae636,linux,Alpine Linux,3.16.2,151482804,1," Turn any OAS 2 and 3 file into an API server with mocking, transformations, validations.",NULL,2,2,30,446,2,22,4,0,0,0,4,0,0,176.0420199,41.51482804,641,2265,1369429,4420602,3051173,0,29,0,29,0,0,0,3,21,3987652,21,45913,583904,419969,FALSE,FALSE
17698,634f4ae21c7653ea836065a4,108,prom/prometheus:latest,10/19/22,nobody,10/19/22,sha256:6b9895947e9e4b2db6b271f999b3637e660185ae331021c3d47e6e6345a1c472,linux,NULL,NULL,219675628,1,,NULL,1,0,22,300,1,0,6,0,2,2,2,0,0,64.04870503,32.19675628,0,0,0,0,0,0,3,0,3,0,0,0,1,12,1647742097,1582,35637,230138,45401,FALSE,FALSE
17812,634f4c397e72ac32a6ddeab5,109,apachepulsar/pulsar:latest,10/19/22,10000,10/19/22,sha256:29f0158f641e199f54a01fce7ab3b703ed3f04e3f9bc3ad78145b5145267c6f1,linux,Ubuntu,20.04,1123581169,0,Apache Pulsar - Distributed pub/sub messaging system,NULL,16,0,16,1136,3,152,358,13,95,113,116,0,21,372.356324,50,720,1921,112931952,238751436,125819484,0,197,0,197,0,0,8,6,9,13550818,66,1685852,11682551,281949,FALSE,FALSE
17985,634f4afb973218f8eb4d5b23,110,puppet/puppet-agent-ubuntu:latest,10/19/22,,10/19/22,sha256:b413cdb8767b33f668a0686e88f839b270d575ff46ce3c71e6aaa4d9e1e30cb4,linux,Ubuntu,18.04,212917802,0,Puppet Agent as a Docker Image. Based on the Ubuntu 16.04,https://github.com/puppetlabs/puppet-agent,16,4,14,184,3,97,65,27,12,9,14,0,3,99.08441106,52.12917802,114,710,534520,1592488,1057968,1,0,0,1,0,11722,8,3,4,1241233,13,194017,6212021,129977,FALSE,FALSE
18105,634f4b8fc689163a33d11550,111,buildkite/puppeteer:latest,10/19/22,,10/19/22,sha256:ed1829627b3fc50c9505e4e0d398dfcde66309100ffc99824fc8f2b5e771b049,linux,Debian GNU/Linux,10,1202101040,0,A Puppeteer Docker image based on Puppeteerâ€™s own recommendations,NULL,17,4,13,835,2,168,462,150,48,103,107,9,45,210.6331979,50,1357,3786,6315977,48158035,41842058,1,14,0,15,0,0,10,6,8,10533968,86,1477484,7387697,524027,FALSE,FALSE
18226,634f4b809694e2c8a8b92f7d,112,puppet/puppetserver:latest,10/19/22,,10/19/22,sha256:ca3bb74487cd73a8d76e9c3c437f96f7559b41f1414fd89d2e76844c9c699508,linux,Ubuntu,18.04,591606117,1,A Docker Image for running Puppet Server. Will try and connect to a linked PuppetDB instance.,https://github.com/puppetlabs/puppetserver,16,4,34,543,3,129,97,34,16,28,16,0,3,167.9590412,55.91606117,6319,18475,42122006,104665716,62543710,23,0,0,23,0,42601173,8,6,12,28428068,111,319778,11363578,2736990,FALSE,FALSE
18350,634f4bd70e6a8fce6e12b45c,113,library/pypy:latest,10/19/22,,10/19/22,sha256:95c0f6f6525deeb06a6825901617e8bba1600527acacf057801ad5e39b7f426b,linux,Debian GNU/Linux,11,969927393,0,"PyPy is a fast, compliant alternative implementation of the Python language.",NULL,17,4,15,425,2,235,1168,505,58,247,322,22,14,220.9125644,49.69927393,1987,4582,26021896,66816157,40794261,0,558,0,558,0,0,9,10,8,37017245,344,4112418,8670328,575304,FALSE,FALSE
18418,634f4fd1a117e4d2d365c14a,114,jupyter/pyspark-notebook:latest,10/19/22,1000,10/19/22,sha256:872213af5e3dcfbf3407f22466bf90f691306ceec45672431d4f9bc7871a07b6,linux,Ubuntu,22.04,3737908871,2,Python and Spark Jupyter Notebook Stack from https://github.com/jupyter/docker-stacks,NULL,19,0,72,1306,4,336,643,45,151,230,158,0,59,1237.943004,50,2859,8820,44143668,92521002,48377334,8,0,0,8,0,149111,10,4,31,68800067,246,2525506,25224466,1153936,FALSE,FALSE
18513,634f4bd5c51c4b17f7caa990,115,continuumio/anaconda3:latest,10/19/22,,10/19/22,sha256:377b235daeb7edc924ae95fa0e8f56dabaee63ef9a50905c892a6ba7e53a1e9c,linux,Debian GNU/Linux,11,3646212330,0,Powerful and flexible python distribution,NULL,20,4,6,518,3,190,214,93,8,34,57,4,18,1374.908601,50,2685,9642,39682271,82009283,42327012,0,0,0,0,0,0,12,3,2,12281780,643,772965,14961308,1071221,FALSE,FALSE
19162,634f4bebaa302311bb73a772,116,library/python:latest,10/19/22,,10/19/22,sha256:f05c8762fe15f7fc201c1aa6fc621690851584000c64fd5cc0492498b85e1d06,linux,Debian GNU/Linux,11,921067253,0,"Python is an interpreted, interactive, object-oriented, open-source programming language.",NULL,17,4,19,430,2,233,1209,526,58,251,334,24,16,209.939059,49.21067253,1763,4132,24200792,63120472,38919680,0,560,0,560,0,0,9,10,9,6340303840,8040,4229020,8717402,533297,FALSE,FALSE
19274,634f51274e019af089256cb4,117,pytorch/pytorch:latest,10/19/22,,10/19/22,sha256:eb86f059e26c46828c9fe5d465a654cb37b1e1753c7c69d57970211259a5ae41,linux,Ubuntu,18.04,5924973633,0,PyTorch is a deep learning framework that puts Python first.,NULL,16,4,12,164,2,96,190,42,43,102,3,0,0,1532.583427,50,580,2220,8277974,17428316,9150342,0,0,0,0,0,0,8,3,4,7708682,485,579965,2988803,300283,FALSE,FALSE
19393,634f4bbe42f8c8b8145156a3,118,rocker/r-base:latest,10/19/22,,10/19/22,sha256:a940dfacf6d4b48abbc13818d4f527bf71b9ae739920e1c0369cc4e4e3ca803c,linux,Debian GNU/Linux,NULL,868965042,0,Basic R for Rocker And Official 'r-base' ,NULL,15,4,12,271,1,198,0,0,0,0,0,0,0,164.4591784,48.68965042,1119,2592,9356531,24171950,14815419,7,263,0,270,0,116470,8,5,6,902330,80,12051,6710222,339563,FALSE,FALSE
19473,634f4ee4ee746a8f586a8818,119,jupyter/r-notebook:latest,10/19/22,1000,10/19/22,sha256:a13b837719d5937ce40b0ba9a565d7b5b55d6879419879a9d17831409c3ea0d0,linux,Ubuntu,22.04,2584603104,1,R Jupyter Notebook Stack from https://github.com/jupyter/docker-stacks,NULL,19,0,46,678,4,225,350,43,123,178,6,0,0,945.6356972,50,4517,12894,56973020,120642289,63669269,2,0,0,2,0,1660743,10,3,20,1453860,46,1074612,20587982,1551073,FALSE,FALSE
19604,634f4bc7a653189d3d85bc5e,120,library/rabbitmq:latest,10/19/22,,10/19/22,sha256:b8cbe75d2ff0a0493b93a2ef1563a1ae06b7a036d0f3090af9f426ca3d1e36d8,linux,Ubuntu,20.04,229274582,6,RabbitMQ is an open source multi-protocol messaging broker.,NULL,16,0,27,95,1,81,21,13,5,3,0,0,0,117.897102,42.29274582,433,948,6881193,14617305,7736112,0,18,0,18,0,0,8,7,9,1974279944,4522,79649,1635981,177996,FALSE,FALSE
19766,634f4c1481bd3d11e2dced1d,121,bitnami/rails:latest,10/19/22,,10/19/22,sha256:1697876981ba3d09a52280ef9fb2f795e8a5ec36f351e45c24d044aefe6039fd,linux,Debian GNU/Linux,11,618363753,1,"Bitnami Ruby on Rails Docker Image
",NULL,16,4,18,818,6,141,358,143,9,59,128,15,4,194.5034831,46.18363753,3518,8800,32316436,73071420,40754984,1,0,0,1,0,0,9,4,2,2898963,29,1149303,4675455,1218708,FALSE,FALSE
19892,634f4bd55ced8fe030de269f,122,ravendb/ravendb:latest,10/19/22,,10/19/22,sha256:5a56030842e7be615d76ca4b00775598d71e5b65fce20d75263396a3d72426ea,linux,Ubuntu,20.04,494906623,3,Official repository for RavenDB docker images.,NULL,16,0,15,437,2,90,76,13,19,38,6,0,0,131.1736514,44.94906623,424,969,927840,2160028,1232188,37,31,0,68,0,135698113,8,5,8,23531587,41,211019,2084123,167132,FALSE,FALSE
20056,634f4b5ab57f201cf3caf8f4,123,library/redis:latest,10/19/22,,10/19/22,sha256:f8528f17261c4a2c94ef702ff483ba7e4b998aa734cba60fa689ca5ecc14705f,linux,Debian GNU/Linux,11,116951526,1,Redis is an open source key-value store that functions as a data structure server.,NULL,15,4,16,99,2,88,75,55,5,4,10,0,1,32.50585986,41.16951526,438,946,1569825,3396905,1827080,0,4,0,4,0,0,8,5,6,4756763850,11480,246685,1714495,145684,FALSE,FALSE
20188,634f4b4d87db848abc51f0ab,124,library/registry:latest,10/19/22,,10/19/22,sha256:dcb3d42c17449436b2b75ef51b7ab9df91c403294c9b97da504cb56917af2842,linux,Alpine Linux,3.16.2,24147510,1,The Docker Registry 2.0 implementation for storing and distributing Docker images,NULL,2,2,10,15,1,10,0,0,0,0,0,0,0,51.27570796,40.2414751,7,14,14274,28548,14274,0,4,0,4,0,0,0,2,5,1563403560,3704,9747,137369,57845,FALSE,FALSE
20313,634f4b905eea5185e7f44935,125,library/rethinkdb:latest,10/19/22,,10/19/22,sha256:8c45625405a54293f3e5c2058eedf15b3eaaf74f608fce816af8f50a03565e00,linux,Debian GNU/Linux,11,121641302,3,"RethinkDB is an open-source, document database that makes it easy to build and scale realtime apps.",NULL,15,4,10,134,1,104,97,70,5,6,14,1,1,41.09749677,41.21641302,451,1013,1600124,3642175,2042051,0,60,0,60,0,0,8,6,5,72874459,599,314563,1956861,157981,FALSE,FALSE
20460,634f4bb9d46805d7d47e8974,126,rockylinux/rockylinux:latest,10/19/22,,10/19/22,sha256:523ffac7fb2e245e5e7c407b9f7377be9c6c3bf03d380981168311f49030da17,linux,Rocky Linux,8.6,195598592,0,,NULL,13,0,2,152,2,45,198,0,108,80,6,4,0,61.2437906,31.95598592,1230,3189,6906328,16956105,10049777,0,0,0,0,0,0,9,2,1,1271992,51,634913,4272687,353319,FALSE,FALSE
20594,634f4d64337fa211dde961a7,127,rocker/rstudio:latest,10/19/22,,10/19/22,sha256:ce11a17ed477d23efbec8d4c5ccd83943f61b546e702f6d92a9b6e3e3469ccf8,linux,Ubuntu,20.04,1745958153,1,RStudio Server image,NULL,26,0,24,334,3,167,300,42,110,148,0,0,0,460.0426966,50,1117,2668,10338909,21826384,11487475,0,0,0,0,0,0,10,13,8,8031340,399,901091,8213995,365282,FALSE,FALSE
20722,634f4c443dbdcfcf23ca97d9,128,library/ruby:latest,10/19/22,,10/19/22,sha256:417499d154c34b955ac04d275e72d7f6cecd57d8b704012c1507219862f0d796,linux,Debian GNU/Linux,11,892706128,0,"Ruby is a dynamic, reflective, object-oriented, general-purpose, open-source programming language.",NULL,17,4,17,496,4,236,1186,503,60,255,330,22,16,184.4091587,48.92706128,1341,3242,20233081,55342920,35109839,0,526,0,526,0,0,9,8,8,752887972,2178,4167590,8463452,417521,FALSE,FALSE
20955,634f4ccb65a0a350f1b4b8e1,129,library/rust:latest,10/19/22,,10/19/22,sha256:a782df31805d82a74a00d79863877fe16882f7a623c063eb7bf7e1a7e6d9b2cc,linux,Debian GNU/Linux,11,1319248737,0,"Rust is a systems programming language focused on safety, speed, and concurrency.",NULL,17,4,8,410,2,233,1166,503,58,247,322,22,14,270.081091,50,1334,3212,32377885,79176697,46798812,0,522,0,522,0,0,9,7,6,52142864,699,4103567,8331841,405816,FALSE,FALSE
21083,634f4c2f7e39a4ff8372d57c,130,saltstack/salt:latest,10/19/22,,10/19/22,sha256:bb11a3e2101e9c32c1f84dc8921adf1eb453c3d1135019769be031d6f2bf741c,linux,Alpine Linux,3.14.6,421344804,3,Software to automate the management and configuration of any infrastructure or application at scale.,NULL,2,2,20,123,2,44,6,0,0,0,5,0,1,104.5903591,44.21344804,517,1397,1961125,4176033,2214908,54,19,0,73,0,0,0,6,10,925422,21,31318,3603168,261502,FALSE,FALSE
21202,634f4da2c805e90d814ee9d6,131,devashishupadhyay/scikit-learn-docker:latest,10/19/22,,10/19/22,sha256:4de3af41c409120e60791001db639d57763ce1eb40f2d78db30ec54cee299f7e,linux,Debian GNU/Linux,10,1856804537,0,Machine Leaning essentials in docker container,NULL,19,4,5,318,2,151,1292,480,69,294,337,25,87,448.7558553,50,942,2728,15313652,37896739,22583087,2,440,0,442,0,0,11,6,4,666746,3,4592933,8656834,342573,FALSE,FALSE
21332,634f4cde97f81f3c3bac250d,132,rocker/shiny:latest,10/19/22,,10/19/22,sha256:928b5bfe382862b6bd8cc45702433957fd6fd6df719b46dc843f72e5cd998929,linux,Ubuntu,20.04,1395652172,1,,NULL,23,0,20,940,3,159,339,45,118,149,19,0,8,246.6233887,40,1601,4493,56849926,118030718,61180792,0,0,0,0,0,0,10,8,6,1884625,172,981411,10227421,575851,FALSE,FALSE
21408,634f4f3a9e4f5efa00841a97,133,jupyter/scipy-notebook:latest,10/19/22,1000,10/19/22,sha256:8e8249c268e8bd628987471c6a8c542fa307b112dd435172014d454f5c70c7b0,linux,Ubuntu,22.04,2927850436,1,Scientific Jupyter Notebook Python Stack from https://github.com/jupyter/docker-stacks,NULL,19,0,51,875,4,335,365,45,133,180,7,0,0,865.5772195,50,2840,8733,43979172,92137796,48158624,8,0,0,8,0,149111,10,3,23,86774421,369,1118995,24481700,1094420,FALSE,FALSE
21535,634f4c6b2c334bfa148975f4,134,weaveworks/scope:latest,10/19/22,,10/19/22,sha256:ec42e479afb83964feb62a26ca648317abecfcbb96f38deb5a90a069a73c2043,linux,Alpine Linux,3.13.2,85431816,1,"Monitoring, visualisation & management for Docker & Kubernetes",NULL,5,3,17,202,2,22,144,0,10,48,79,0,7,133.3748175,40.85431816,5,10,12674,25348,12674,0,19,0,19,0,0,2,2,9,1045682791,61,399823,448368,69971,FALSE,FALSE
21663,634f4d07343093014e30ac6f,135,scylladb/scylla:latest,10/19/22,,10/19/22,sha256:4793074166dca9f048fcbd43d9219d4dc25f93b1a566dd2e4afdb52d3e381ab8,linux,Ubuntu,20.04,874481478,7,"Scylla is a highly scalable, eventually consistent, distributed, partitioned row DB.",NULL,23,0,3,414,4,169,122,16,30,51,21,0,4,237.8354831,48.74481478,821,2049,6091193,13492733,7401540,0,0,0,0,0,0,11,7,2,13932200,137,420388,5776650,251355,FALSE,FALSE
21787,634f4c95a3cbc250d5a7b8a1,136,library/sonarqube:latest,10/19/22,,10/19/22,sha256:e772d58ff6ae904f7c12fb3c4dc52bf9c96ffa598d78030859d2d40545bd09b0,linux,Alpine Linux,3.15.6,540354718,1,SonarQube is an open source platform for continuous inspection of code quality.,NULL,2,3,13,451,2,28,664,0,14,273,259,0,118,154.8177878,45.40354718,22,76,104132,213502,109370,0,21,0,21,0,0,0,2,3,846756746,2137,2460995,1444152,65399,FALSE,FALSE
21910,634f4c7aea6e4a0b8e2e9ea3,137,jaegertracing/spark-dependencies:latest,10/19/22,185,10/19/22,sha256:e76604ab86a73377734d3b0c58ba99a3f153ebfc07869b5106869a3e9625ff7b,linux,Debian GNU/Linux,10,294168481,0,Spark job for dependency links,NULL,15,4,18,254,2,76,718,61,50,143,325,0,139,127.8528271,42.94168481,43,147,240453,621992,381539,0,19,0,19,0,0,8,5,7,48003591,0,3323531,1879593,83418,FALSE,FALSE
22046,634f4dcffb3e13c433e7e188,138,selenium/standalone-chrome:latest,10/19/22,1200,10/19/22,sha256:421cfbddc3d94ecbd50a8d3691099d3878bd2ca0b98b3f31793489c04642fbdd,linux,Ubuntu,20.04,1216343305,2,,NULL,23,0,76,508,4,202,97,15,44,32,4,0,2,455.8033503,40,1480,3906,7205245,16685750,9480505,9,0,0,9,0,0,13,7,30,335145096,419,356213,9734002,609548,FALSE,FALSE
22166,634f4ca2eeef5b1fde99ef0e,139,stargateio/stargate-3_11:v1.0.56,10/19/22,stargate,10/19/22,sha256:aa341d9fe942d28dadc5747b75bb0e4f1a7b9142b863ff214f42fd851fb3d796,linux,Debian GNU/Linux,11,539012687,0,Docker image for Stargate and a Cassandra 3.11 backend,NULL,15,4,17,945,2,111,379,71,64,66,135,4,39,128.8291098,45.39012687,466,1032,3054374,6421910,3367536,1,15,0,16,0,0,8,5,9,165288,4,1481234,5053062,189463,FALSE,FALSE
22281,634f4ce7335dd7da698f802d,140,stargateio/stargate-4_0:v1.0.56,10/19/22,stargate,10/19/22,sha256:a77b604936b8e0e5d85ec92a70dd608ce6e89735356984413c245ca0885368b8,linux,Debian GNU/Linux,11,557519696,0,Docker image for Stargate and a Cassandra 4.0 backend,NULL,15,4,17,970,2,111,369,71,64,61,130,4,39,156.7361578,45.57519696,466,1032,3054374,6421910,3367536,1,15,0,16,0,0,8,5,9,97874,4,1429634,5162238,189455,FALSE,FALSE
22406,634f4d08d90d18d7aa5141a5,141,library/storm:latest,10/19/22,,10/19/22,sha256:6f36186815c1aec807b9800882c1798f25c4bf2b7cb1f542094705a75e64e436,linux,Ubuntu,22.04,646418907,0,Apache Storm is a free and open source distributed realtime computation system.,NULL,16,0,19,847,3,136,1251,17,152,283,599,0,200,175.7897382,46.46418907,505,1236,57098772,144706016,87607244,1,92,0,93,0,32768,8,8,8,8324325,179,8818847,4983643,214601,FALSE,FALSE
22531,634f4c98fc7cb0ab183fcd4c,142,swaggerapi/swagger-editor:latest,10/19/22,,10/19/22,sha256:804f47ab63d9e07c0d535d2c7bb0b19a2eee1ba61040041a17aa9160d0562f57,linux,Alpine Linux,3.16.2,61504690,2,The swagger-editor web service,NULL,2,2,25,42,1,23,2,0,0,0,0,2,0,56.99779459,40.6150469,13,28,25785,54324,28539,0,16,0,16,0,0,0,3,12,13336353,355,23749,592988,100299,FALSE,FALSE
22657,634f4cf2a622f4ff6b6b9d7c,143,swaggerapi/swagger-ui:latest,10/19/22,,10/19/22,sha256:41ea7997e9cafd4b314f9dfd57231ba6586944f104bff3cd18933d70e581eab0,linux,Alpine Linux,3.16.2,78016852,2,A simple docker container for hosting swagger-ui,NULL,2,2,28,48,1,25,2,0,0,0,0,2,0,103.2888685,40.78016852,12,26,23698,50150,26452,0,16,0,16,0,0,0,3,12,78189381,256,22953,605432,101981,FALSE,FALSE
22784,634f4e387c70706baec6bb7b,144,library/swift:latest,10/19/22,,10/19/22,sha256:91fac43e045654d70b316fe8279d478abefc9b8425ebb8625b7af912cb3d6205,linux,Ubuntu,22.04,2148854511,0,"Swift is a high-performance system programming language, to learn more about Swift visit swift.org.",NULL,18,0,13,223,1,160,131,26,56,49,0,0,0,446.9841725,50,1125,2484,34649508,70221208,35571700,0,286,0,286,0,0,9,6,4,19605068,611,378948,4580080,329967,FALSE,FALSE
22861,634f50efb7895a4b9cd42260,145,blazemeter/taurus:latest,10/19/22,,10/19/22,sha256:2b53686ff6f9d0ab51305156634210eb76f4e2e2a2ed8a2d57086edfc971ac8c,linux,Ubuntu,21.1,3575155280,0,"Docker image containing Taurus tool inside, see http://gettaurus.org",NULL,20,0,32,2906,7,282,437,33,115,177,93,0,19,1141.742061,50,5537,14579,53155022,118864110,65709088,16,1071,0,1087,0,92779892,12,20,21,14565467,31,1897072,18465527,1867787,FALSE,FALSE
22984,634f4cea53e031965a74ff14,146,library/telegraf:latest,10/19/22,,10/19/22,sha256:548e4f33b1dc8068c849c0c96e5918539c9ba1647f647c89c0ca3fca68cece74,linux,Debian GNU/Linux,11,367903525,3,Telegraf is an agent for collecting metrics and writing them to InfluxDB or other outputs.,NULL,15,4,12,501,2,103,102,72,5,7,16,1,1,83.11218675,43.67903525,1081,2340,8490760,22645613,14154853,0,86,0,86,0,0,8,6,7,547462394,591,330569,3769441,327211,FALSE,FALSE
23135,634f4de2d6edf32246af2cae,147,tensorflow/tensorflow:latest,10/19/22,,10/19/22,sha256:976c17ec6daad78933b6dfee52ae50d7f049483c6e2e48a763f7186a3d8aa0ab,linux,Ubuntu,20.04,1458463024,0,Official Docker images for the machine learning framework TensorFlow (http://www.tensorflow.org),NULL,16,0,13,267,2,115,206,36,66,104,0,0,0,282.8938891,50,1340,3325,19664674,41237510,21572836,0,279,0,279,0,0,8,7,8,68737367,2062,610699,6839895,523987,FALSE,FALSE
23221,634f50b13b9d848597786f30,148,jupyter/tensorflow-notebook:latest,10/19/22,1000,10/19/22,sha256:76d1fe555567c01d72efb453858a9ce15548a648d7f160f7565bd495f454661e,linux,Ubuntu,22.04,3726593513,1,Scientific Jupyter Notebook Python Stack w/ TensorFlow from https://github.com/jupyter/docker-stacks,NULL,19,0,54,907,4,336,365,45,133,180,7,0,0,937.6672743,50,3752,10958,62578223,129567259,66989036,8,0,0,8,0,149111,10,3,24,69444230,316,1120370,26415256,1451921,FALSE,FALSE
23771,634f4d0202db52798f3b48ca,149,hashicorp/terraform:latest,10/19/22,,10/19/22,sha256:71b1acd280fcd5e45726097291f5b1d50f9c28e4cdc42758296c9c3bf9769e1c,linux,Alpine Linux,3.16.2,87257656,0,Automatic builds of Terraform. See README for more use and info.,NULL,2,2,7,183,2,12,3,0,1,1,1,0,0,59.24117628,40.87257656,9,18,397319,794638,397319,0,0,0,0,0,0,0,2,3,384163443,379,16770,348381,49669,FALSE,FALSE
23961,634f46a2b561bbe48681d73f,150,jaegertracing/all-in-one:latest,10/19/22,,10/19/22,sha256:8361a4c263bb2f74f2f139a96c1e8c14350254a723c9d863277db821707c5745,linux,Alpine Linux,3.16.2,61157221,7,Single image that runs all of Jaeger backend components and UI in one container,NULL,2,2,17,140,2,10,2,0,0,1,1,0,0,47.30361609,40.61157221,7,14,14274,28548,14274,0,0,0,0,0,0,0,2,5,301912681,136,17741,154339,27593,FALSE,FALSE
24256,634f46860ee65c38c3051b9c,151,library/alpine:latest,10/19/22,,10/19/22,sha256:9c6f0724472873bb50a2ae67a9e7adcb57673a183cea8b06eb778dca859181b5,linux,Alpine Linux,3.16.2,5544164,0,A minimal Docker image based on Alpine Linux with a complete package index and only 5 MB in size!,NULL,2,2,2,14,1,10,0,0,0,0,0,0,0,19.69445147,40.05544164,7,14,14274,28548,14274,0,0,0,0,0,0,0,2,1,9262078590,9325,4665,64122,11385,FALSE,FALSE
24383,634f46b97811bedab0470a32,152,library/amazonlinux:latest,10/19/22,,10/19/22,sha256:01bdb519be2070a170aee5940166344f2a871e7d22887366c0a30406094727bb,linux,Amazon Linux,2,163926414,0,"Amazon Linux provides a stable, secure, and high-performance execution environment for applications.",NULL,2,0,2,115,2,36,2,0,0,2,0,0,0,65.64611897,41.63926414,387,877,1328724,3385436,2056712,0,0,0,0,0,0,0,2,1,720284341,1241,11322,3704657,96954,FALSE,FALSE
24505,634f4d00731f2ef5c8e5474f,153,thanosio/thanos:main-2022-05-30-113f4a23,10/19/22,,10/19/22,sha256:b121773328066035752ff73d6028039a87dcfd21f620d7c286b5fc573f5b4fac,linux,NULL,NULL,70980057,0,Official Dockerhub Mirror of https://quay.io/repository/thanos/thanos ,NULL,1,0,9,175,1,0,3,0,0,2,1,0,0,64.49541508,40.70980057,0,0,0,0,0,0,3,0,3,0,0,0,1,3,59709673,21,18784,134883,20534,FALSE,FALSE
24627,634f4d1cc6fcb22311dbae92,154,pingcap/tidb:latest,10/19/22,,10/19/22,sha256:44a49c4dfd5ee477f6a4dedc5d8fb06bf27f3be2b17c1cbb034b02dab323a822,linux,Alpine Linux,3.14.6,167669580,1,TiDB docker for PingCAP.,NULL,2,2,10,158,2,19,21,0,0,3,15,2,1,81.82999076,41.6766958,26,67,4165450,9066420,4900970,0,9,0,9,0,0,0,2,5,3344150,89,68541,675947,72952,FALSE,FALSE
24750,634f4d6afd568661de806c5b,155,timescale/timescaledb:latest-pg13,10/19/22,,10/19/22,sha256:382eeeb4326b866fa0ab2208cf5218aa8759eb87f126df3409b1e621ab809150,linux,Alpine Linux,3.16.2,354676517,1,An open-source time-series database optimized for fast ingest and complex queries.,NULL,2,3,27,62,2,21,4,0,0,1,1,2,0,94.55798733,43.54676517,86,195,11584908,27239486,15654578,0,19,0,19,0,0,0,3,13,63313276,140,28326,562607,103296,FALSE,FALSE
24880,634f4d600713b1ae45d3f9f9,156,library/tomcat:latest,10/19/22,,10/19/22,sha256:543fd2c4284f0fa4c3f472349b0c392617cb85b691636ab47ea5d1b72cf887ce,linux,Ubuntu,22.04,473315297,1,Apache Tomcat is an open source implementation of the Java Servlet and JavaServer Pages technologies,NULL,16,0,24,172,2,123,48,15,22,9,2,0,0,94.37041337,44.73315297,412,943,1032818,2450450,1417632,1,63,0,64,0,32768,8,8,7,597668205,3415,151940,2512991,181892,FALSE,FALSE
25003,634f46ea30486cb434efd97d,157,hashicorp/consul:latest,10/19/22,,10/19/22,sha256:4493b1b4d0c127d06465b963301add6c70f5b8d50612d11c8118052cb376891e,linux,Alpine Linux,3.15.6,152661420,8,Automatic build of consul based on the current release. See README for more information on usage.,NULL,4,2,23,222,2,30,5,0,0,3,2,0,0,54.91780863,41.5266142,8,16,15456,30912,15456,0,0,0,0,0,0,2,2,8,26407893,34,31540,785197,74201,FALSE,FALSE
25156,634f493ba5552e544ada213c,158,library/julia:latest,10/19/22,,10/19/22,sha256:5fd5918cf923344b141197025617fe864b3d45bc4b5ec1352e0ef585cd758ea5,linux,Debian GNU/Linux,11,566634288,0,"Julia is a high-level, high-performance dynamic programming language for technical computing.",NULL,15,4,9,108,1,96,84,65,5,3,10,0,1,103.4615602,45.66634288,486,1074,1988096,4849534,2861438,0,23,0,23,0,0,8,5,3,13300544,304,274796,1818517,170832,FALSE,FALSE
25322,634f4d87222dc5ffbd92c1bd,159,library/traefik:latest,10/19/22,,10/19/22,sha256:e6de8578b2384107d9e08f90be5d6cf43472e369ba98dca46373b336b83fdbd8,linux,Alpine Linux,3.15.6,107088695,1,"Traefik, The Cloud Native Edge Router",NULL,2,2,9,278,2,15,12,0,1,6,5,0,0,77.5314769,41.07088695,6,12,13862,27724,13862,0,4,0,4,0,0,0,3,4,3080678066,2688,41687,683167,54223,FALSE,FALSE
25441,634f4da3cf8ab548daf776d5,160,tykio/tyk-gateway:latest,10/19/22,,10/19/22,sha256:1eab22ac8850cdbc27494c789d743409f9953f466b3c0db65a8ee221a007ed85,linux,Debian GNU/Linux,10,235411663,1,Tyk Gateway in Docker,NULL,15,4,14,159,2,99,726,188,57,214,195,15,57,124.1493848,42.35411663,87,324,1147568,2856944,1709376,9,0,0,9,0,17642434,8,5,6,7809587,50,2613329,2549896,91225,FALSE,FALSE
25899,634f4d6a7316aabaff1fd758,161,library/ubuntu:latest,10/19/22,,10/19/22,sha256:216c552ea5ba7b0e3f6e33624e129981c39996021403518019d19b8843c27cbc,linux,Ubuntu,22.04,77837008,0,Ubuntu is a Debian-based Linux operating system based on free software.,NULL,16,0,2,101,1,93,14,8,4,2,0,0,0,65.85283569,40.77837008,32,160,252493,764049,511556,0,0,0,0,0,0,8,3,1,6723833167,15096,40320,1203547,21703,FALSE,FALSE
26037,634f4d6ddaed054ba2514cc3,162,hashicorp/vault:latest,10/19/22,,10/19/22,sha256:9db04b49b763b46e85235062007c707fa5aae7cdcc83848522fe1e1fa484829b,linux,Alpine Linux,3.15.6,220889121,1,Official vault docker images,NULL,2,2,21,382,2,15,2,0,0,1,1,0,0,72.16914605,42.20889121,8,16,15456,30912,15456,0,0,0,0,0,0,0,2,7,21710148,30,21582,698325,42948,FALSE,FALSE
26169,634f4d8cbc6cedfd7786ff85,163,hashicorp/waypoint:latest,10/19/22,waypoint,10/19/22,sha256:2a19e1ab2df6e5b0a145bbc4012dd2d19b068c4db99ae0161a90e37b8be73208,linux,Alpine Linux,3.15.0,393047769,0,"A tool to build, deploy, and release any application on any platform.",NULL,2,2,13,605,2,15,25,0,0,14,10,0,1,105.6108605,43.93047769,10,20,15507,31014,15507,0,0,0,0,0,0,0,2,6,4774012,9,105756,619540,61624,FALSE,FALSE
26293,634f4de2c2da186b255f6d6d,164,openzipkin/zipkin:latest,10/19/22,zipkin,10/19/22,sha256:578ebf2b54862b153d2662479c5cf6da7cf12703dae394239de672998c54bf3f,linux,Alpine Linux,3.16.2,160951897,2,"This is the authoritative image for zipkin, a distributed tracing system.",NULL,2,2,34,144,2,12,15,0,2,4,8,0,1,181.9019169,41.60951897,13,26,45403,90806,45403,0,0,0,0,0,0,0,3,9,109213230,162,107949,692098,91450,FALSE,FALSE
26422,634f4debbd2de331cb9c1101,165,library/zookeeper:latest,10/19/22,,10/19/22,sha256:d3721f21c103d0ee4e201182e74e9c74318638730bd9acd491bd508763fa5ee5,linux,Ubuntu,22.04,300214465,4,Apache ZooKeeper is an open-source server which enables highly reliable distributed coordination.,NULL,16,0,23,186,2,140,47,9,22,3,13,0,0,171.2691857,43.00214465,410,980,829543,2418657,1589114,1,81,0,82,0,32768,8,8,8,206472017,1281,163797,2399180,189439,FALSE,FALSE
,,,,,,,,,,,,,,,,,,,,,,,,,,,,,,,,,,,,,,,,,,,,,,,,,,
,,,,,,,,,,,,,,,,,,,,,,,,,,,,,,,,,,,,,,,,,,,,,,,,,,
,,,,,,,,,,,,,,,,,,,,,,,,,,,,,,,,,,,,,,,,,,,,,,,,,,
,,,,,,,,,,,,,,,,,,,,,,,,,,,,,,,,,,,,,,,,,,,,,,,,,,
,,,,,,,,,,,,,,,,,,,,,,,,,,,,,,,,,,,,,,,,,,,,,,,,,,
,,,,,,,,,,,,,,,,,,,,,,,,,,,,,,,,,,,,,,,,,,,,,,,,,,
,,,,,,,,,,,,,,,,,,,,,,,,,,,,,,,,,,,,,,,,,,,,,,,,,,
,,,,,,,,,,,,,,,,,,,,,,,,,,,,,,,,,,,,,,,,,,,,,,,,,,
,,,,,,,,,,,,,,,,,,,,,,,,,,,,,,,,,,,,,,,,,,,,,,,,,,
,,,,,,,,,,,,,,,,,,,,,,,,,,,,,,,,,,,,,,,,,,,,,,,,,,
,,,,,,,,,,,,,,,,,,,,,,,,,,,,,,,,,,,,,,,,,,,,,,,,,,
,,,,,,,,,,,,,,,,,,,,,,,,,,,,,,,,,,,,,,,,,,,,,,,,,,
,,,,,,,,,,,,,,,,,,,,,,,,,,,,,,,,,,,,,,,,,,,,,,,,,,
,,,,,,,,,,,,,,,,,,,,,,,,,,,,,,,,,,,,,,,,,,,,,,,,,,
,,,,,,,,,,,,,,,,,,,,,,,,,,,,,,,,,,,,,,,,,,,,,,,,,,
,,,,,,,,,,,,,,,,,,,,,,,,,,,,,,,,,,,,,,,,,,,,,,,,,,
,,,,,,,,,,,,,,,,,,,,,,,,,,,,,,,,,,,,,,,,,,,,,,,,,,
,,,,,,,,,,,,,,,,,,,,,,,,,,,,,,,,,,,,,,,,,,,,,,,,,,
,,,,,,,,,,,,,,,,,,,,,,,,,,,,,,,,,,,,,,,,,,,,,,,,,,
,,,,,,,,,,,,,,,,,,,,,,,,,,,,,,,,,,,,,,,,,,,,,,,,,,
,,,,,,,,,,,,,,,,,,,,,,,,,,,,,,,,,,,,,,,,,,,,,,,,,,
,,,,,,,,,,,,,,,,,,,,,,,,,,,,,,,,,,,,,,,,,,,,,,,,,,
,,,,,,,,,,,,,,,,,,,,,,,,,,,,,,,,,,,,,,,,,,,,,,,,,,
,,,,,,,,,,,,,,,,,,,,,,,,,,,,,,,,,,,,,,,,,,,,,,,,,,
,,,,,,,,,,,,,,,,,,,,,,,,,,,,,,,,,,,,,,,,,,,,,,,,,,
,,,,,,,,,,,,,,,,,,,,,,,,,,,,,,,,,,,,,,,,,,,,,,,,,,
,,,,,,,,,,,,,,,,,,,,,,,,,,,,,,,,,,,,,,,,,,,,,,,,,,
,,,,,,,,,,,,,,,,,,,,,,,,,,,,,,,,,,,,,,,,,,,,,,,,,,
,,,,,,,,,,,,,,,,,,,,,,,,,,,,,,,,,,,,,,,,,,,,,,,,,,
,,,,,,,,,,,,,,,,,,,,,,,,,,,,,,,,,,,,,,,,,,,,,,,,,,
,,,,,,,,,,,,,,,,,,,,,,,,,,,,,,,,,,,,,,,,,,,,,,,,,,
,,,,,,,,,,,,,,,,,,,,,,,,,,,,,,,,,,,,,,,,,,,,,,,,,,
,,,,,,,,,,,,,,,,,,,,,,,,,,,,,,,,,,,,,,,,,,,,,,,,,,
,,,,,,,,,,,,,,,,,,,,,,,,,,,,,,,,,,,,,,,,,,,,,,,,,,
,,,,,,,,,,,,,,,,,,,,,,,,,,,,,,,,,,,,,,,,,,,,,,,,,,
,,,,,,,,,,,,,,,,,,,,,,,,,,,,,,,,,,,,,,,,,,,,,,,,,,
,,,,,,,,,,,,,,,,,,,,,,,,,,,,,,,,,,,,,,,,,,,,,,,,,,
,,,,,,,,,,,,,,,,,,,,,,,,,,,,,,,,,,,,,,,,,,,,,,,,,,
,,,,,,,,,,,,,,,,,,,,,,,,,,,,,,,,,,,,,,,,,,,,,,,,,,
,,,,,,,,,,,,,,,,,,,,,,,,,,,,,,,,,,,,,,,,,,,,,,,,,,
,,,,,,,,,,,,,,,,,,,,,,,,,,,,,,,,,,,,,,,,,,,,,,,,,,
,,,,,,,,,,,,,,,,,,,,,,,,,,,,,,,,,,,,,,,,,,,,,,,,,,
,,,,,,,,,,,,,,,,,,,,,,,,,,,,,,,,,,,,,,,,,,,,,,,,,,
,,,,,,,,,,,,,,,,,,,,,,,,,,,,,,,,,,,,,,,,,,,,,,,,,,
,,,,,,,,,,,,,,,,,,,,,,,,,,,,,,,,,,,,,,,,,,,,,,,,,,
,,,,,,,,,,,,,,,,,,,,,,,,,,,,,,,,,,,,,,,,,,,,,,,,,,
,,,,,,,,,,,,,,,,,,,,,,,,,,,,,,,,,,,,,,,,,,,,,,,,,,
,,,,,,,,,,,,,,,,,,,,,,,,,,,,,,,,,,,,,,,,,,,,,,,,,,
,,,,,,,,,,,,,,,,,,,,,,,,,,,,,,,,,,,,,,,,,,,,,,,,,,
,,,,,,,,,,,,,,,,,,,,,,,,,,,,,,,,,,,,,,,,,,,,,,,,,,
,,,,,,,,,,,,,,,,,,,,,,,,,,,,,,,,,,,,,,,,,,,,,,,,,,
,,,,,,,,,,,,,,,,,,,,,,,,,,,,,,,,,,,,,,,,,,,,,,,,,,
,,,,,,,,,,,,,,,,,,,,,,,,,,,,,,,,,,,,,,,,,,,,,,,,,,
,,,,,,,,,,,,,,,,,,,,,,,,,,,,,,,,,,,,,,,,,,,,,,,,,,
,,,,,,,,,,,,,,,,,,,,,,,,,,,,,,,,,,,,,,,,,,,,,,,,,,
,,,,,,,,,,,,,,,,,,,,,,,,,,,,,,,,,,,,,,,,,,,,,,,,,,
,,,,,,,,,,,,,,,,,,,,,,,,,,,,,,,,,,,,,,,,,,,,,,,,,,
,,,,,,,,,,,,,,,,,,,,,,,,,,,,,,,,,,,,,,,,,,,,,,,,,,
,,,,,,,,,,,,,,,,,,,,,,,,,,,,,,,,,,,,,,,,,,,,,,,,,,
,,,,,,,,,,,,,,,,,,,,,,,,,,,,,,,,,,,,,,,,,,,,,,,,,,
,,,,,,,,,,,,,,,,,,,,,,,,,,,,,,,,,,,,,,,,,,,,,,,,,,
,,,,,,,,,,,,,,,,,,,,,,,,,,,,,,,,,,,,,,,,,,,,,,,,,,
,,,,,,,,,,,,,,,,,,,,,,,,,,,,,,,,,,,,,,,,,,,,,,,,,,
,,,,,,,,,,,,,,,,,,,,,,,,,,,,,,,,,,,,,,,,,,,,,,,,,,
,,,,,,,,,,,,,,,,,,,,,,,,,,,,,,,,,,,,,,,,,,,,,,,,,,
,,,,,,,,,,,,,,,,,,,,,,,,,,,,,,,,,,,,,,,,,,,,,,,,,,
,,,,,,,,,,,,,,,,,,,,,,,,,,,,,,,,,,,,,,,,,,,,,,,,,,
,,,,,,,,,,,,,,,,,,,,,,,,,,,,,,,,,,,,,,,,,,,,,,,,,,
,,,,,,,,,,,,,,,,,,,,,,,,,,,,,,,,,,,,,,,,,,,,,,,,,,
,,,,,,,,,,,,,,,,,,,,,,,,,,,,,,,,,,,,,,,,,,,,,,,,,,
,,,,,,,,,,,,,,,,,,,,,,,,,,,,,,,,,,,,,,,,,,,,,,,,,,
,,,,,,,,,,,,,,,,,,,,,,,,,,,,,,,,,,,,,,,,,,,,,,,,,,
,,,,,,,,,,,,,,,,,,,,,,,,,,,,,,,,,,,,,,,,,,,,,,,,,,
,,,,,,,,,,,,,,,,,,,,,,,,,,,,,,,,,,,,,,,,,,,,,,,,,,
,,,,,,,,,,,,,,,,,,,,,,,,,,,,,,,,,,,,,,,,,,,,,,,,,,
,,,,,,,,,,,,,,,,,,,,,,,,,,,,,,,,,,,,,,,,,,,,,,,,,,
,,,,,,,,,,,,,,,,,,,,,,,,,,,,,,,,,,,,,,,,,,,,,,,,,,
,,,,,,,,,,,,,,,,,,,,,,,,,,,,,,,,,,,,,,,,,,,,,,,,,,
,,,,,,,,,,,,,,,,,,,,,,,,,,,,,,,,,,,,,,,,,,,,,,,,,,
,,,,,,,,,,,,,,,,,,,,,,,,,,,,,,,,,,,,,,,,,,,,,,,,,,
,,,,,,,,,,,,,,,,,,,,,,,,,,,,,,,,,,,,,,,,,,,,,,,,,,
,,,,,,,,,,,,,,,,,,,,,,,,,,,,,,,,,,,,,,,,,,,,,,,,,,
,,,,,,,,,,,,,,,,,,,,,,,,,,,,,,,,,,,,,,,,,,,,,,,,,,
,,,,,,,,,,,,,,,,,,,,,,,,,,,,,,,,,,,,,,,,,,,,,,,,,,
,,,,,,,,,,,,,,,,,,,,,,,,,,,,,,,,,,,,,,,,,,,,,,,,,,
,,,,,,,,,,,,,,,,,,,,,,,,,,,,,,,,,,,,,,,,,,,,,,,,,,
,,,,,,,,,,,,,,,,,,,,,,,,,,,,,,,,,,,,,,,,,,,,,,,,,,
,,,,,,,,,,,,,,,,,,,,,,,,,,,,,,,,,,,,,,,,,,,,,,,,,,
,,,,,,,,,,,,,,,,,,,,,,,,,,,,,,,,,,,,,,,,,,,,,,,,,,
,,,,,,,,,,,,,,,,,,,,,,,,,,,,,,,,,,,,,,,,,,,,,,,,,,
,,,,,,,,,,,,,,,,,,,,,,,,,,,,,,,,,,,,,,,,,,,,,,,,,,
,,,,,,,,,,,,,,,,,,,,,,,,,,,,,,,,,,,,,,,,,,,,,,,,,,
,,,,,,,,,,,,,,,,,,,,,,,,,,,,,,,,,,,,,,,,,,,,,,,,,,
,,,,,,,,,,,,,,,,,,,,,,,,,,,,,,,,,,,,,,,,,,,,,,,,,,
,,,,,,,,,,,,,,,,,,,,,,,,,,,,,,,,,,,,,,,,,,,,,,,,,,
,,,,,,,,,,,,,,,,,,,,,,,,,,,,,,,,,,,,,,,,,,,,,,,,,,
,,,,,,,,,,,,,,,,,,,,,,,,,,,,,,,,,,,,,,,,,,,,,,,,,,
,,,,,,,,,,,,,,,,,,,,,,,,,,,,,,,,,,,,,,,,,,,,,,,,,,
,,,,,,,,,,,,,,,,,,,,,,,,,,,,,,,,,,,,,,,,,,,,,,,,,,
,,,,,,,,,,,,,,,,,,,,,,,,,,,,,,,,,,,,,,,,,,,,,,,,,,
,,,,,,,,,,,,,,,,,,,,,,,,,,,,,,,,,,,,,,,,,,,,,,,,,,
,,,,,,,,,,,,,,,,,,,,,,,,,,,,,,,,,,,,,,,,,,,,,,,,,,
,,,,,,,,,,,,,,,,,,,,,,,,,,,,,,,,,,,,,,,,,,,,,,,,,,
,,,,,,,,,,,,,,,,,,,,,,,,,,,,,,,,,,,,,,,,,,,,,,,,,,
,,,,,,,,,,,,,,,,,,,,,,,,,,,,,,,,,,,,,,,,,,,,,,,,,,
,,,,,,,,,,,,,,,,,,,,,,,,,,,,,,,,,,,,,,,,,,,,,,,,,,
,,,,,,,,,,,,,,,,,,,,,,,,,,,,,,,,,,,,,,,,,,,,,,,,,,
,,,,,,,,,,,,,,,,,,,,,,,,,,,,,,,,,,,,,,,,,,,,,,,,,,
,,,,,,,,,,,,,,,,,,,,,,,,,,,,,,,,,,,,,,,,,,,,,,,,,,
,,,,,,,,,,,,,,,,,,,,,,,,,,,,,,,,,,,,,,,,,,,,,,,,,,
,,,,,,,,,,,,,,,,,,,,,,,,,,,,,,,,,,,,,,,,,,,,,,,,,,
,,,,,,,,,,,,,,,,,,,,,,,,,,,,,,,,,,,,,,,,,,,,,,,,,,
,,,,,,,,,,,,,,,,,,,,,,,,,,,,,,,,,,,,,,,,,,,,,,,,,,
,,,,,,,,,,,,,,,,,,,,,,,,,,,,,,,,,,,,,,,,,,,,,,,,,,
,,,,,,,,,,,,,,,,,,,,,,,,,,,,,,,,,,,,,,,,,,,,,,,,,,
,,,,,,,,,,,,,,,,,,,,,,,,,,,,,,,,,,,,,,,,,,,,,,,,,,
,,,,,,,,,,,,,,,,,,,,,,,,,,,,,,,,,,,,,,,,,,,,,,,,,,
,,,,,,,,,,,,,,,,,,,,,,,,,,,,,,,,,,,,,,,,,,,,,,,,,,
,,,,,,,,,,,,,,,,,,,,,,,,,,,,,,,,,,,,,,,,,,,,,,,,,,
,,,,,,,,,,,,,,,,,,,,,,,,,,,,,,,,,,,,,,,,,,,,,,,,,,
,,,,,,,,,,,,,,,,,,,,,,,,,,,,,,,,,,,,,,,,,,,,,,,,,,
,,,,,,,,,,,,,,,,,,,,,,,,,,,,,,,,,,,,,,,,,,,,,,,,,,
,,,,,,,,,,,,,,,,,,,,,,,,,,,,,,,,,,,,,,,,,,,,,,,,,,
,,,,,,,,,,,,,,,,,,,,,,,,,,,,,,,,,,,,,,,,,,,,,,,,,,
,,,,,,,,,,,,,,,,,,,,,,,,,,,,,,,,,,,,,,,,,,,,,,,,,,
,,,,,,,,,,,,,,,,,,,,,,,,,,,,,,,,,,,,,,,,,,,,,,,,,,
,,,,,,,,,,,,,,,,,,,,,,,,,,,,,,,,,,,,,,,,,,,,,,,,,,
,,,,,,,,,,,,,,,,,,,,,,,,,,,,,,,,,,,,,,,,,,,,,,,,,,
,,,,,,,,,,,,,,,,,,,,,,,,,,,,,,,,,,,,,,,,,,,,,,,,,,
,,,,,,,,,,,,,,,,,,,,,,,,,,,,,,,,,,,,,,,,,,,,,,,,,,
,,,,,,,,,,,,,,,,,,,,,,,,,,,,,,,,,,,,,,,,,,,,,,,,,,
,,,,,,,,,,,,,,,,,,,,,,,,,,,,,,,,,,,,,,,,,,,,,,,,,,
,,,,,,,,,,,,,,,,,,,,,,,,,,,,,,,,,,,,,,,,,,,,,,,,,,
,,,,,,,,,,,,,,,,,,,,,,,,,,,,,,,,,,,,,,,,,,,,,,,,,,
,,,,,,,,,,,,,,,,,,,,,,,,,,,,,,,,,,,,,,,,,,,,,,,,,,
,,,,,,,,,,,,,,,,,,,,,,,,,,,,,,,,,,,,,,,,,,,,,,,,,,
,,,,,,,,,,,,,,,,,,,,,,,,,,,,,,,,,,,,,,,,,,,,,,,,,,
,,,,,,,,,,,,,,,,,,,,,,,,,,,,,,,,,,,,,,,,,,,,,,,,,,
,,,,,,,,,,,,,,,,,,,,,,,,,,,,,,,,,,,,,,,,,,,,,,,,,,
,,,,,,,,,,,,,,,,,,,,,,,,,,,,,,,,,,,,,,,,,,,,,,,,,,
,,,,,,,,,,,,,,,,,,,,,,,,,,,,,,,,,,,,,,,,,,,,,,,,,,
,,,,,,,,,,,,,,,,,,,,,,,,,,,,,,,,,,,,,,,,,,,,,,,,,,
,,,,,,,,,,,,,,,,,,,,,,,,,,,,,,,,,,,,,,,,,,,,,,,,,,
,,,,,,,,,,,,,,,,,,,,,,,,,,,,,,,,,,,,,,,,,,,,,,,,,,
,,,,,,,,,,,,,,,,,,,,,,,,,,,,,,,,,,,,,,,,,,,,,,,,,,
,,,,,,,,,,,,,,,,,,,,,,,,,,,,,,,,,,,,,,,,,,,,,,,,,,
,,,,,,,,,,,,,,,,,,,,,,,,,,,,,,,,,,,,,,,,,,,,,,,,,,
,,,,,,,,,,,,,,,,,,,,,,,,,,,,,,,,,,,,,,,,,,,,,,,,,,
,,,,,,,,,,,,,,,,,,,,,,,,,,,,,,,,,,,,,,,,,,,,,,,,,,
,,,,,,,,,,,,,,,,,,,,,,,,,,,,,,,,,,,,,,,,,,,,,,,,,,
,,,,,,,,,,,,,,,,,,,,,,,,,,,,,,,,,,,,,,,,,,,,,,,,,,
,,,,,,,,,,,,,,,,,,,,,,,,,,,,,,,,,,,,,,,,,,,,,,,,,,
,,,,,,,,,,,,,,,,,,,,,,,,,,,,,,,,,,,,,,,,,,,,,,,,,,
,,,,,,,,,,,,,,,,,,,,,,,,,,,,,,,,,,,,,,,,,,,,,,,,,,
,,,,,,,,,,,,,,,,,,,,,,,,,,,,,,,,,,,,,,,,,,,,,,,,,,
,,,,,,,,,,,,,,,,,,,,,,,,,,,,,,,,,,,,,,,,,,,,,,,,,,
,,,,,,,,,,,,,,,,,,,,,,,,,,,,,,,,,,,,,,,,,,,,,,,,,,
,,,,,,,,,,,,,,,,,,,,,,,,,,,,,,,,,,,,,,,,,,,,,,,,,,
,,,,,,,,,,,,,,,,,,,,,,,,,,,,,,,,,,,,,,,,,,,,,,,,,,
,,,,,,,,,,,,,,,,,,,,,,,,,,,,,,,,,,,,,,,,,,,,,,,,,,
,,,,,,,,,,,,,,,,,,,,,,,,,,,,,,,,,,,,,,,,,,,,,,,,,,
,,,,,,,,,,,,,,,,,,,,,,,,,,,,,,,,,,,,,,,,,,,,,,,,,,
,,,,,,,,,,,,,,,,,,,,,,,,,,,,,,,,,,,,,,,,,,,,,,,,,,
,,,,,,,,,,,,,,,,,,,,,,,,,,,,,,,,,,,,,,,,,,,,,,,,,,
,,,,,,,,,,,,,,,,,,,,,,,,,,,,,,,,,,,,,,,,,,,,,,,,,,
,,,,,,,,,,,,,,,,,,,,,,,,,,,,,,,,,,,,,,,,,,,,,,,,,,
,,,,,,,,,,,,,,,,,,,,,,,,,,,,,,,,,,,,,,,,,,,,,,,,,,
,,,,,,,,,,,,,,,,,,,,,,,,,,,,,,,,,,,,,,,,,,,,,,,,,,
,,,,,,,,,,,,,,,,,,,,,,,,,,,,,,,,,,,,,,,,,,,,,,,,,,
,,,,,,,,,,,,,,,,,,,,,,,,,,,,,,,,,,,,,,,,,,,,,,,,,,
,,,,,,,,,,,,,,,,,,,,,,,,,,,,,,,,,,,,,,,,,,,,,,,,,,
,,,,,,,,,,,,,,,,,,,,,,,,,,,,,,,,,,,,,,,,,,,,,,,,,,
,,,,,,,,,,,,,,,,,,,,,,,,,,,,,,,,,,,,,,,,,,,,,,,,,,
,,,,,,,,,,,,,,,,,,,,,,,,,,,,,,,,,,,,,,,,,,,,,,,,,,
,,,,,,,,,,,,,,,,,,,,,,,,,,,,,,,,,,,,,,,,,,,,,,,,,,
,,,,,,,,,,,,,,,,,,,,,,,,,,,,,,,,,,,,,,,,,,,,,,,,,,
,,,,,,,,,,,,,,,,,,,,,,,,,,,,,,,,,,,,,,,,,,,,,,,,,,
,,,,,,,,,,,,,,,,,,,,,,,,,,,,,,,,,,,,,,,,,,,,,,,,,,
,,,,,,,,,,,,,,,,,,,,,,,,,,,,,,,,,,,,,,,,,,,,,,,,,,
,,,,,,,,,,,,,,,,,,,,,,,,,,,,,,,,,,,,,,,,,,,,,,,,,,
,,,,,,,,,,,,,,,,,,,,,,,,,,,,,,,,,,,,,,,,,,,,,,,,,,
,,,,,,,,,,,,,,,,,,,,,,,,,,,,,,,,,,,,,,,,,,,,,,,,,,
,,,,,,,,,,,,,,,,,,,,,,,,,,,,,,,,,,,,,,,,,,,,,,,,,,
,,,,,,,,,,,,,,,,,,,,,,,,,,,,,,,,,,,,,,,,,,,,,,,,,,
,,,,,,,,,,,,,,,,,,,,,,,,,,,,,,,,,,,,,,,,,,,,,,,,,,
,,,,,,,,,,,,,,,,,,,,,,,,,,,,,,,,,,,,,,,,,,,,,,,,,,
,,,,,,,,,,,,,,,,,,,,,,,,,,,,,,,,,,,,,,,,,,,,,,,,,,
,,,,,,,,,,,,,,,,,,,,,,,,,,,,,,,,,,,,,,,,,,,,,,,,,,
,,,,,,,,,,,,,,,,,,,,,,,,,,,,,,,,,,,,,,,,,,,,,,,,,,
,,,,,,,,,,,,,,,,,,,,,,,,,,,,,,,,,,,,,,,,,,,,,,,,,,
,,,,,,,,,,,,,,,,,,,,,,,,,,,,,,,,,,,,,,,,,,,,,,,,,,
,,,,,,,,,,,,,,,,,,,,,,,,,,,,,,,,,,,,,,,,,,,,,,,,,,
,,,,,,,,,,,,,,,,,,,,,,,,,,,,,,,,,,,,,,,,,,,,,,,,,,
,,,,,,,,,,,,,,,,,,,,,,,,,,,,,,,,,,,,,,,,,,,,,,,,,,
,,,,,,,,,,,,,,,,,,,,,,,,,,,,,,,,,,,,,,,,,,,,,,,,,,
,,,,,,,,,,,,,,,,,,,,,,,,,,,,,,,,,,,,,,,,,,,,,,,,,,
,,,,,,,,,,,,,,,,,,,,,,,,,,,,,,,,,,,,,,,,,,,,,,,,,,